0,1,2,3,SMILES
"Diglycidyl ether, Delisted April 4,",male,7/5/2238,7-Aug-09,
Captafol,cancer,6/1/2425,1-Oct-88,
1-Butyl glycidyl ether,cancer,8/6/2426,27-Jan-23,
"n-Butyl glycidyl ether, Delisted April",male,8/6/2426,7-Aug-09,
Oxythioquinox (Chinomethionat),cancer,1/2/2439,20-Aug-99,
Oxythioquinox (Chinomethionat),developmental,1/2/2439,6-Nov-98,
Diisopropyl sulfate,cancer,10/6/2973,1-Apr-93,
Flunisolide,"developmental, female",3/3/3385,15-May-98,
Phenesterin,cancer,10/9/3546,1-Jul-89,
Ponceau 3R,cancer,9/8/3564,1-Apr-88,
Dacarbazine,cancer,3/4/4342,1-Jan-88,
Dacarbazine,developmental,3/4/4342,29-Jan-99,
D&C Red No. 9,cancer,2/1/5160,1-Jul-90,
Beclomethasone dipropionate,developmental,9/8/5534,15-May-98,
Sulfur dioxide,developmental,9/5/7446,29-Jul-11,
6-Nitrochrysene,cancer,2/8/7496,1-Oct-90,
Potassium bromate,cancer,1/2/7758,1-Jan-90,
Mancozeb,cancer,1/7/8018,1-Jan-90,
,,1/26761-40-0,,
1-Chloro-4-nitrobenzene,cancer,100-00-5,29-Oct-99,C1=CC(=CC=C1[N+](=O)[O-])Cl
para-Nitroanisole,cancer,100-17-4,13-Sep-19,COC1=CC=C(C=C1)[N+](=O)[O-]
Nitrous oxide,"developmental, female",10024-97-2,1-Aug-08,[N-]=[N+]=O
p-Dinitrobenzene,male,100-25-4,1-Jul-90,C1=CC(=CC=C1[N+](=O)[O-])[N+](=O)[O-]
Cobalt sulfate heptahydrate,cancer,10026-24-1,2-Jun-00,O.O.O.O.O.O.O.[O-]S(=O)(=O)[O-].[Co+2]
Hydrazine sulfate,cancer,10034-93-2,1-Jan-88,NN.OS(=O)(=O)O
4-Vinylcyclohexene,cancer,100-40-3,1-May-96,C=CC1CCC=CC1
4-Vinyl-cyclohexene,"female, male",100-40-3,7-Aug-09,C=CC1CCC=CC1
Ethylbenzene,cancer,100-41-4,11-Jun-04,CCC1=CC=CC=C1
Styrene,cancer,100-42-5,22-Apr-16,C=CC1=CC=CC=C1
Iodine-131,developmental,10043-66-0,1-Jan-89,[131I][131I]
Benzyl chloride,cancer,100-44-7,1-Jan-90,C1=CC=C(C=C1)CCl
Sterigmatocystin,cancer,10048-13-2,1-Apr-88,COC1=C2C(=C3[C@@H]4C=CO[C@@H]4OC3=C1)OC5=CC=CC(=C5C2=O)O
Des-isopropyl atrazine (DIA),"developmental, female",1007-28-9,15-Jul-16,CCNC1=NC(=NC(=N1)N)Cl
N-Nitrosopiperidine,cancer,100-75-4,1-Jan-88,C1CCN(CC1)N=O
"4,4'-Methylene bis(2-chloroaniline)",cancer,101-14-4,1-Jul-87,C1=CC(=C(C=C1CC2=CC(=C(C=C2)N)Cl)Cl)N
Cobalt sulfate,cancer,10124-43-3,20-May-05,[O-]S(=O)(=O)[O-].[Co+2]
"4,4'-Methylene bis(N,N-dimethyl)",cancer,101-61-1,1-Oct-89,CN(C)C1=CC=C(C=C1)CC2=CC=C(C=C2)N(C)C
"4,4'-Methylenedianiline",cancer,101-77-9,1-Jan-88,C1=CC(=CC=C1CC2=CC=C(C=C2)N)N
"4,4’-Diaminodiphenyl ether (4,4’-",cancer,101-80-4,1-Jan-88,C1=CC(=CC=C1N)OC2=CC=C(C=C2)N
Diglycidyl resorcinol ether (DGRE),cancer,101-90-6,1-Jul-89,C1C(O1)COC2=CC(=CC=C2)OCC3CO3
Heptachlor epoxide,cancer,1024-57-3,1-Jul-88,[C@@H]12[C@@H]([C@H]([C@@H]3[C@H]1O3)Cl)[C@]4(C(=C([C@@]2(C4(Cl)Cl)Cl)Cl)Cl)Cl
2-Ethylhexyl acrylate,cancer,103-11-7,17-Dec-21,CCCCC(CC)COC(=O)C=C
Azobenzene,cancer,103-33-3,1-Jan-90,C1=CC=C(C=C1)N=NC2=CC=CC=C2
Stanozolol,cancer,10418-03-8,1-May-97,C[C@]12CC[C@H]3[C@H]([C@@H]1CC[C@]2(C)O)CC[C@@H]4[C@@]3(CC5=C(C4)NN=C5)C
Resmethrin,cancer,10453-86-8,1-Jul-08,CC(=CC1C(C1(C)C)C(=O)OCC2=COC(=C2)CC3=CC=CC=C3)C
Resmethrin,developmental,10453-86-8,6-Nov-98,CC(=CC1C(C1(C)C)C(=O)OCC2=COC(=C2)CC3=CC=CC=C3)C
Tamoxifen and its salts,cancer,10540-29-1,1-Sep-96,CC/C(=C(\C1=CC=CC=C1)/C2=CC=C(C=C2)OCCN(C)C)/C3=CC=CC=C3
PhiP(2-Amino-1-methyl-6-,cancer,105650-23-5,1-Oct-94,CN1C2=C(N=CC(=C2)C3=CC=CC=C3)N=C1N
"3,7-Dinitrofluoranthene",cancer,105735-71-5,26-Aug-97,C1=CC2=C(C=CC3=C2C(=C1)C4=C3C=CC=C4[N+](=O)[O-])[N+](=O)[O-]
N-Nitrosomethylethylamine,cancer,10595-95-6,1-Oct-89,CCN(C)N=O
p-Dichlorobenzene,cancer,106-46-7,1-Jan-89,C1=CC(=CC=C1Cl)Cl
p-Chloroaniline,cancer,106-47-8,1-Oct-94,C1=CC(=CC=C1N)Cl
"para-Toluidine, Delisted October",cancer,106-49-0,1-Jan-90,CC1=CC=C(C=C1)N
4-Vinyl-1-cyclohexene diepoxide,cancer,106-87-6,1-Jul-90,C1CC2C(O2)CC1C3CO3
Vinyl cyclohexene dioxide (4-Vinyl-,"female, male",106-87-6,1-Aug-08,C1CC2C(O2)CC1C3CO3
Epichlorohydrin,cancer,106-89-8,1-Oct-87,C1C(O1)CCl
Epichlorohydrin,male,106-89-8,1-Sep-96,C1C(O1)CCl
Glycidyl methacrylate,cancer,106-91-2,27-Jan-23,CC(=C)C(=O)OCC1CO1
Ethylene dibromide,cancer,106-93-4,1-Jul-87,C(CBr)Br
Ethylene dibromide,"developmental, male",106-93-4,15-May-98,C(CBr)Br
1-Bromopropane (1-BP),cancer,106-94-5,5-Aug-16,CCCBr
1-Bromopropane (1-BP),"developmental, female,",106-94-5,7-Dec-04,CCCBr
"1,3-Butadiene",cancer,106-99-0,1-Apr-88,C=CC=C
"1,3-Butadiene","developmental, female,",106-99-0,16-Apr-04,C=CC=C
"Allyl chloride, Delisted October 29,",cancer,107-05-1,1-Jan-90,C=CCCl
"Ethylene dichloride (1,2-",cancer,107-06-2,1-Oct-87,C(CCl)Cl
Acrylonitrile,cancer,107-13-1,1-Jul-87,C=CC#N
Glyphosate,cancer,1071-83-6,7-Jul-17,C(C(=O)O)NCP(=O)(O)O
Ethylene glycol (ingested),developmental,107-21-1,19-Jun-15,C(CO)O
Chloromethyl methyl ether,cancer,107-30-2,27-Feb-87,COCCl
Ganciclovir sodium,"developmental, male",107910-75-8,26-Aug-97,C1=NC2=C(N1COC(CO)CO)N=C(N=C2[O-])N.[Na+]
Methyl isobutyl ketone,cancer,108-10-1,4-Nov-11,CC(C)CC(=O)C
Methyl isobutyl ketone (MIBK),developmental,108-10-1,28-Mar-14,CC(C)CC(=O)C
Chlorinated paraffins (Average,cancer,108171-26-2,1-Jul-89,CCC(C(C(CC(C(C(C)Cl)Cl)Cl)Cl)Cl)Cl
Toluene,developmental,108-88-3,1-Jan-91,CC1=CC=CC=C1
,female,108-88-3,7-Aug-09,CC1=CC=CC=C1
"Cyclohexanol,  Delisted January 25,",male,108-93-0,6-Nov-98,C1CCC(CC1)O
1-Bromo-3-chloropropane,cancer,109-70-6,27-Jan-23,C(CCl)CBr
Ethylene glycol monomethyl ether,"developmental, male",109-86-4,1-Jan-89,COCCO
Tetrahydrofuran,cancer,109-99-9,17-Dec-21,C1CCOC1
Furan,cancer,110-00-9,1-Oct-93,C1=COC=C1
"2,5-Hexanedione",male,110-13-4,4-Dec-15,CC(=O)CCC(=O)C
Mepanipyrim,cancer,110235-47-7,1-Jul-08,CC#CC1=NC(=NC(=C1)C)NC2=CC=CC=C2
Ethylene glycol monomethyl ether,"developmental, male",110-49-6,1-Jan-93,CC(=O)OCCOC
n-Hexane,male,110-54-3,15-Dec-17,CCCCCC
Ethylene glycol monoethyl ether,"developmental, male",110-80-5,1-Jan-89,CCOCCO
Pyridine,cancer,110-86-1,17-May-02,C1=CC=NC=C1
Pioglitazone,cancer,111025-46-8,18-Apr-14,CCC1=CN=C(C=C1)CCOC2=CC=C(C=C2)CC3C(=O)NC(=O)S3
Ethylene glycol monoethyl ether,"developmental, male",111-15-9,1-Jan-93,CCOCCOC(=O)C
Zileuton,"cancer, developmental,",111406-87-2,22-Dec-00,CC(C1=CC2=CC=CC=C2S1)N(C(=O)N)O
Diethanolamine,cancer,111-42-2,22-Jun-12,C(CO)NCCO
Bis(2-chloroethyl)ether,cancer,111-44-4,1-Apr-88,C(CCl)OCCCl
N-Nitrosodiethanolamine,cancer,1116-54-7,1-Jan-88,C(CO)N(CCO)N=O
"1,3-Propane sultone",cancer,1120-71-4,1-Jan-88,C1COS(=O)(=O)C1
Cycloate,developmental,1134-23-2,19-Mar-99,CCN(C1CCCCC1)C(=O)SCC
MOPP (vincristine-prednisone-,cancer,113803-47-7,4-Nov-11,CC[C@@]1(C[C@@H]2C[C@@](C3=C(CCN(C2)C1)C4=CC=CC=C4N3)(C5=C(C=C6C(=C5)[C@]78CCN9C7[C@@](C=CC9)([C@H]([C@@](C8N6C=O)(C(=O)OC)O)OC(=O)C)CC)OC)C(=O)OC)O.CC(C)NC(=O)C1=CC=C(C=C1)CNNC.C[C@]12CC(=O)[C@H]3[C@H]([C@@H]1CC[C@@]2(C(=O)CO)O)CCC4=CC(=O)C=C[C@]34C.CN(CCCl)CCCl.Cl
Cidofovir,"cancer, developmental,",113852-37-2,29-Jan-99,C1=CN(C(=O)N=C1N)C[C@@H](CO)OCP(=O)(O)O
Propoxur,cancer,114-26-1,11-Aug-06,CC(C)OC1=CC=CC=C1OC(=O)NC
Azaserine,cancer,115-02-6,1-Jul-87,C([C@@H](C(=O)O)N)OC(=O)C=[N+]=[N-]
Chlorendic acid,cancer,115-28-6,1-Jul-89,C1(C(C2(C(=C(C1(C2(Cl)Cl)Cl)Cl)Cl)Cl)C(=O)O)C(=O)O
Paramethadione,developmental,115-67-3,1-Jul-90,CCC1(C(=O)N(C(=O)O1)C)C
Tris(2-chloroethyl) phosphate,cancer,115-96-8,1-Apr-92,C(CCl)OP(=O)(OCCCl)OCCCl
Tetrafluoroethylene,cancer,116-14-3,1-May-97,C(=C(F)F)(F)F
Fumonisin B1,cancer,116355-83-0,14-Nov-03,CCCC[C@@H](C)[C@H]([C@H](C[C@@H](C)C[C@@H](CCCC[C@H](C[C@@H]([C@H](C)N)O)O)O)OC(=O)C[C@@H](CC(=O)O)C(=O)O)OC(=O)C[C@@H](CC(=O)O)C(=O)O
"Dantron (Chrysazin; 1,8-",cancer,117-10-2,1-Jan-92,C1=CC2=C(C(=C1)O)C(=O)C3=C(C2=O)C=CC=C3O
Flurazepam hydrochloride,developmental,1172-18-5,1-Oct-92,CCN(CC)CCN1C(=O)CN=C(C2=C1C=CC(=C2)Cl)C3=CC=CC=C3F.Cl.Cl
Anisindione,developmental,117-37-3,1-Oct-92,COC1=CC=C(C=C1)C2C(=O)C3=CC=CC=C3C2=O
2-Aminoanthraquinone,cancer,117-79-3,1-Oct-89,C1=CC=C2C(=C1)C(=O)C3=C(C2=O)C=C(C=C3)N
Di(2-ethylhexyl)phthalate (DEHP),cancer,117-81-7,1-Jan-88,CCCCC(CC)COC(=O)C1=CC=CC=C1C(=O)OCC(CC)CCCC
Di(2-ethylhexyl)phthalate (DEHP),"developmental, male",117-81-7,24-Oct-03,CCCCC(CC)COC(=O)C1=CC=CC=C1C(=O)OCC(CC)CCCC
Hexachlorobenzene,cancer,118-74-1,1-Oct-87,C1(=C(C(=C(C(=C1Cl)Cl)Cl)Cl)Cl)Cl
Hexachlorobenzene,developmental,118-74-1,1-Jan-89,C1(=C(C(=C(C(=C1Cl)Cl)Cl)Cl)Cl)Cl
"2,4,6-Trinitrotoluene (TNT)",cancer,118-96-7,19-Dec-08,CC1=C(C=C(C=C1[N+](=O)[O-])[N+](=O)[O-])[N+](=O)[O-]
4-Amino-2-nitrophenol,cancer,119-34-6,29-Jan-99,C1=CC(=C(C=C1N)[N+](=O)[O-])O
Benzophenone,cancer,119-61-9,22-Jun-12,C1=CC=C(C=C1)C(=O)C2=CC=CC=C2
"3,3’-Dimethoxybenzidine (o-",cancer,119-90-4,1-Jan-88,COC1=C(C=CC(=C1)C2=CC(=C(C=C2)N)OC)N
"3,3’-Dimethylbenzidine (ortho-",cancer,119-93-7,1-Jan-88,CC1=C(C=CC(=C1)C2=CC(=C(C=C2)N)C)N
Anthracene,cancer,120-12-7,11-Aug-23,C1=CC=C2C=C3C=CC=CC3=CC2=C1
Nickel subsulfide,cancer,12035-72-2,1-Oct-87,
"2,4-DP (dichloroprop), Delisted",developmental,120-36-5,27-Apr-99,CC(C(=O)O)OC1=C(C=C(C=C1)Cl)Cl
Nickel hydroxide,cancer,12054-48-7;,1-Oct-89,
"Isosafrole, Delisted December 8,",cancer,120-58-1,1-Oct-89,C/C=C/C1=CC2=C(C=C1)OCO2
p-Cresidine,cancer,120-71-8,1-Jan-88,CC1=CC(=C(C=C1)OC)N
Catechol,cancer,120-80-9,15-Jul-03,C1=CC=C(C(=C1)O)O
Dichlorphenamide,developmental,120-97-8,27-Feb-01,C1=C(C=C(C(=C1S(=O)(=O)N)Cl)Cl)S(=O)(=O)N
"2,4-Dinitrotoluene",cancer,121-14-2,1-Jul-88,CC1=C(C=C(C=C1)[N+](=O)[O-])[N+](=O)[O-]
"2,4-Dinitrotoluene",male,121-14-2,20-Aug-99,CC1=C(C=C(C=C1)[N+](=O)[O-])[N+](=O)[O-]
Filgrastim,developmental,121181-53-1,27-Feb-01,
"Zineb, Delisted October 29, 1999",cancer,12122-67-7,1-Jan-90,C(CNC(=S)[S-])NC(=S)[S-].[Zn+2]
,,12125-56-3,,O.O.O.[Ni]
Palygorskite fibers (> 5m in length),cancer,12174-11-7,28-Dec-99,
Malathion,cancer,121-75-5,20-May-16,CCOC(=O)CC(C(=O)OCC)SP(=S)(OC)OC
MON 13900 (furilazole),cancer,121776-33-8,22-Mar-11,CC1(N(CC(O1)C2=CC=CO2)C(=O)C(Cl)Cl)C
Simazine,"developmental, female",122-34-9,15-Jul-16,CCNC1=NC(=NC(=N1)Cl)NCC
Phenyl glycidyl ether,cancer,122-60-1,1-Oct-90,C1C(O1)COC2=CC=CC=C2
"Phenyl glycidyl ether, Delisted April",male,122-60-1,7-Aug-09,C1C(O1)COC2=CC=CC=C2
"Hydrazobenzene (1,2-",cancer,122-66-7,1-Jan-88,C1=CC=C(C=C1)NNC2=CC=CC=C2
Pymetrozine,cancer,123312-89-0,22-Mar-11,CC1=NNC(=O)N(C1)/N=C/C2=CN=CC=C2
beta-Myrcene,cancer,123-35-3,27-Mar-15,CC(=CCCC(=C)C=C)C
"1,4-Dioxane",cancer,123-91-1,1-Jan-88,C1COCCO1
Maneb,cancer,12427-38-2,1-Jan-90,C(CNC(=S)[S-])NC(=S)[S-].[Mn+2]
"Chlorodibromomethane, Delisted",cancer,124-48-1,1-Jan-90,C(Cl)(Br)Br
Prednisolone sodium phosphate,developmental,125-02-0,20-Aug-99,C[C@]12C[C@@H]([C@H]3[C@H]([C@@H]1CC[C@@]2(C(=O)COP(=O)([O-])[O-])O)CCC4=CC(=O)C=C[C@]34C)O.[Na+].[Na+]
Erionite,cancer,12510-42-,1-Oct-88,
Primidone,cancer,125-33-7,20-Aug-99,CCC1(C(=O)NCNC1=O)C2=CC=CC=C2
Aminoglutethimide,developmental,125-84-8,1-Jul-90,CCC1(CCC(=O)NC1=O)C2=CC=C(C=C2)N
Griseofulvin,cancer,126-07-8,1-Jan-90,C[C@@H]1CC(=O)C=C([C@]12C(=O)C3=C(O2)C(=C(C=C3OC)OC)Cl)OC
"Tris(2,3-dibromopropyl)phosphate",cancer,126-72-7,1-Jan-88,C(C(CBr)Br)OP(=O)(OCC(CBr)Br)OCC(CBr)Br
Nitrogen mustard N-oxide,cancer,126-85-2,1-Apr-88,C[N+](CCCl)(CCCl)[O-]
Chloroprene,cancer,126-99-8,2-Jun-00,C=CC(=C)Cl
Hydroxyurea,developmental,127-07-1,1-May-97,C(=O)(N)NO
Nickelocene,cancer,1271-28-9,1-Oct-89,[CH-]1C=CC=C1.[CH-]1C=CC=C1.[Ni+2]
Tetrachloroethylene,cancer,127-18-4,1-Apr-88,C(=C(Cl)Cl)(Cl)Cl
"N,N-Dimethylacetamide",cancer,127-19-5,13-Sep-19,CC(=O)N(C)C
"N,N-Dimethylacetamide","developmental, male",127-19-5,21-May-10,CC(=O)N(C)C
Trimethadione,developmental,127-48-0,1-Jan-91,CC1(C(=O)N(C(=O)O1)C)C
Potassium dimethyldithiocarbamate,developmental,128-03-0,March 30 1999,CN(C)C(=S)[S-].[K+]
Sodium dimethyldithiocarbamate,developmental,128-04-1,March 30 1999,CN(C)C(=S)[S-].[Na+]
2-Methyl-1-nitroanthraquinone (of,cancer,129-15-7,1-Apr-88,CC1=C(C2=C(C=C1)C(=O)C3=CC=CC=C3C2=O)[N+](=O)[O-]
1-Hydroxyanthraquinone,cancer,129-43-1,27-May-05,C1=CC=C2C(=C1)C(=O)C3=C(C2=O)C(=CC=C3)O
Leucomalachite green,cancer,129-73-7,21-Apr-23,CN(C)C1=CC=C(C=C1)C(C2=CC=CC=C2)C3=CC=C(C=C3)N(C)C
1-(2-Chloroethyl)-3-cyclohexyl-1-,cancer,13010-47-4,1-Jan-88,C1CCC(CC1)NC(=O)N(CCCl)N=O
1-(2-Chloroethyl)-3-cyclohexyl-1-,developmental,13010-47-4,1-Jul-90,C1CCC(CC1)NC(=O)N(CCCl)N=O
Gallium arsenide,cancer,1303-00-0,1-Aug-08,[Ga]#[As]
Cobalt [II] oxide,cancer,1307-96-6,1-Jul-92,O=[Co]
Antimony oxide (Antimony trioxide),cancer,1309-64-4,1-Oct-90,
Cyhexatin,developmental,13121-70-5,1-Jan-89,C1CCC(CC1)[Sn](C2CCCCC2)C3CCCCC3.O
Molybdenum trioxide,cancer,1313-27-5,19-Mar-21,O=[Mo](=O)=O
Nickel oxide,cancer,1313-99-1,1-Oct-89,O=[Ni]
Thorium dioxide,cancer,1314-20-1,27-Feb-87,O=[Th]=O
Vanadium pentoxide (orthorhombic,cancer,1314-62-1,11-Feb-05,O=[V](=O)O[V](=O)=O
Ethoprop,cancer,13194-48-4,27-Feb-01,CCCSP(=O)(OCC)SCCC
"o-Phenylphenate, sodium",cancer,132-27-4,1-Jan-90,C1=CC=C(C=C1)C2=CC=CC=C2[O-].[Na+]
N-Nitrosomethyl-n-pentylamine,cancer,13256-07-0,26-Dec-14,CCCCCN(C)N=O
N-Nitrososarcosine,cancer,13256-22-9,1-Jan-88,CN(CC(=O)O)N=O
Captan,cancer,133-06-2,1-Jan-90,C1C=CCC2C1C(=O)N(C2=O)SC(Cl)(Cl)Cl
Folpet,cancer,133-07-3,1-Jan-89,C1=CC=C2C(=C1)C(=O)N(C2=O)SC(Cl)(Cl)Cl
Flutamide,developmental,13311-84-7,1-Jul-90,CC(C)C(=O)NC1=CC(=C(C=C1)[N+](=O)[O-])C(F)(F)F
Asbestos,cancer,1332-21-4,27-Feb-87,
"Carbon black (airborne, unbound",cancer,1333-86-4,21-Feb-03,[C]
Lead subacetate,cancer,1335-32-6,1-Oct-89,CC(=O)O[Pb]OC(=O)C.O.O.O.O.[Pb].[Pb]
o-Anisidine hydrochloride,cancer,134-29-2,1-Jul-87,COC1=CC=CC=C1N.Cl
1-Naphthylamine,cancer,134-32-7,1-Oct-89,C1=CC=C2C(=C1)C=CC=C2N
Nickel carbonyl,cancer,13463-39-3,1-Oct-87,
Nickel carbonyl,developmental,13463-39-3,1-Sep-96,
Cupferron,cancer,135-20-6,1-Jan-88,C1=CC=C(C=C1)/[N+](=N/[O-])/[O-].[NH4+]
Epoxiconazole,cancer,135319-73-2,15-Apr-11,C1=CC=C(C(=C1)C2C(O2)(CN3C=NC=N3)C4=CC=C(C=C4)F)Cl
"4,4'-Methylenedianiline",cancer,13552-44-8,1-Jan-88,C1=CC(=CC=C1CC2=CC=C(C=C2)N)N.Cl.Cl
Minocycline hydrochloride (internal,developmental,13614-98-7,1-Jan-92,CN(C)[C@H]1[C@@H]2C[C@@H]3CC4=C(C=CC(=C4C(=C3C(=O)[C@@]2(C(=C(C1=O)C(=O)N)O)O)O)O)N(C)C.Cl
Diazoaminobenzene,cancer,136-35-6,20-May-05,C1=CC=C(C=C1)NN=NC2=CC=CC=C2
Phenazopyridine hydrochloride,cancer,136-40-3,1-Jan-88,C1=CC=C(C=C1)N=NC2=C(N=C(C=C2)N)N.Cl
Di-n-propyl isocinchomeronate,cancer,136-45-8,1-May-96,CCCOC(=O)C1=CN=C(C=C1)C(=O)OCCC
Trilostane,developmental,13647-35-3,1-Apr-90,C[C@]12CC[C@H]3[C@H]([C@@H]1CC[C@@H]2O)CC[C@]45[C@@]3(CC(=C([C@H]4O5)O)C#N)C
"Tris(1,3-dichloro-2-propyl)",cancer,13674-87-8,28-Oct-11,C(C(CCl)OP(=O)(OC(CCl)CCl)OC(CCl)CCl)Cl
Metam potassium,cancer,137-41-7,31-Dec-10,CNC(=S)[S-].[K+]
Metham sodium,cancer,137-42-8,6-Nov-98,CNC(=S)[S-].[Na+]
Metham sodium,developmental,137-42-8,15-May-98,CNC(=S)[S-].[Na+]
Disodium cyanodithioimido-,developmental,138-93-2,30-Mar-99,C(#N)N=C([S-])[S-].[Na+].[Na+]
1-(2-Chloroethyl)-3-(4-methyl-,cancer,13909-09-6,1-Oct-88,CC1CCC(CC1)NC(=O)N(CCCl)N=O
Nitrilotriacetic acid,cancer,139-13-9,1-Jan-88,C(C(=O)O)N(CC(=O)O)CC(=O)O
Propazine,"developmental, female",139-40-2,15-Jul-16,CC(C)NC1=NC(=NC(=N1)Cl)NC(C)C
"4,4'-Thiodianiline",cancer,139-65-1,1-Apr-88,C1=CC(=CC=C1N)SC2=CC=C(C=C2)N
5-(Morpholinomethyl)-3-  [(5-,cancer,139-91-3,1-Apr-88,C1COCCN1CC2CN(C(=O)O2)/N=C/C3=CC=C(O3)[N+](=O)[O-]
Amoxapine,developmental,14028-44-5,15-May-98,C1CN(CCN1)C2=NC3=CC=CC=C3OC4=C2C=C(C=C4)Cl
"3,3′,4,4′-Tetrachloroazobenzene",cancer,14047-09-7,24-Jul-12,C1=CC(=C(C=C1N=NC2=CC(=C(C=C2)Cl)Cl)Cl)Cl
Neomycin sulfate (internal use),developmental,1405-10-3,1-Oct-92,C1[C@H]([C@@H]([C@H]([C@@H]([C@H]1N)O[C@@H]2[C@@H]([C@H]([C@@H]([C@H](O2)CN)O)O)N)O[C@H]3[C@@H]([C@@H]([C@H](O3)CO)O[C@@H]4[C@@H]([C@H]([C@@H]([C@@H](O4)CN)O)O)N)O)O)N.OS(=O)(=O)O
Aramite,cancer,140-57-8,1-Jul-87,CC(COC1=CC=C(C=C1)C(C)(C)C)OS(=O)OCCCl
Estragole,cancer,140-67-0,29-Oct-99,COC1=CC=C(C=C1)CC=C
Ethyl acrylate,cancer,140-88-5,1-Jul-89,CCOC(=O)C=C
Iprovalicarb,cancer,140923-17-7/,1-Jun-07,CC1=CC=C(C=C1)C(C)NC(=O)[C@H](C(C)C)NC(=O)OC(C)C
,,140923-25-7,,CC1=CC=C(C=C1)[C@@H](C)NC(=O)[C@H](C(C)C)NC(=O)OC(C)C
Isoxaflutole,cancer,141112-29-0,22-Dec-00,CS(=O)(=O)C1=C(C=CC(=C1)C(F)(F)F)C(=O)C2=C(ON=C2)C3CC3
Thiouracil,cancer,141-90-2,11-Jun-04,C1=CNC(=S)NC1=O
Aniline hydrochloride,cancer,142-04-1,15-May-98,C1=CC=C(C=C1)N.Cl
Nabam,developmental,142-59-6,30-Mar-99,C(CNC(=S)[S-])NC(=S)[S-].[Na+].[Na+]
Kresoxim-methyl,cancer,143390-89-0,3-Feb-12,CC1=CC=CC=C1OCC2=CC=CC=C2/C(=N\OC)/C(=O)OC
Chlordecone (Kepone),cancer,143-50-0,1-Jan-88,C1(=O)C2(C3(C4(C1(C5(C2(C3(C(C45Cl)(Cl)Cl)Cl)Cl)Cl)Cl)Cl)Cl)Cl
Chlordecone (Kepone),developmental,143-50-0,1-Jan-89,C1(=O)C2(C3(C4(C1(C5(C2(C3(C(C45Cl)(Cl)Cl)Cl)Cl)Cl)Cl)Cl)Cl)Cl
Vinblastine sulfate,developmental,143-67-9,1-Jul-90,CC[C@@]1(C[C@@H]2C[C@@](C3=C(CCN(C2)C1)C4=CC=CC=C4N3)(C5=C(C=C6C(=C5)[C@]78CCN9[C@H]7[C@@](C=CC9)([C@H]([C@@]([C@@H]8N6C)(C(=O)OC)O)OC(=O)C)CC)OC)C(=O)OC)O.OS(=O)(=O)O
Butabarbital sodium,developmental,143-81-7,1-Oct-92,CCC(C)C1(C(=O)NC(=O)NC1=O)CC.[Na+]
"2,6-Dimethyl-N-nitrosomorpholine",cancer,1456-28-6,8-Feb-13,CC1CN(CC(O1)C)N=O
Diepoxybutane,cancer,1464-53-5,1-Jan-88,C1C(O1)C2CO2
Cytarabine,developmental,147-94-4,1-Jan-89,C1=CN(C(=O)N=C1N)[C@H]2[C@H]([C@@H]([C@H](O2)CO)O)O
Spirodiclofen,cancer,148477-71-8,8-Oct-10,CCC(C)(C)C(=O)OC1=C(C(=O)OC12CCCCC2)C3=C(C=C(C=C3)Cl)Cl
Melphalan,cancer,148-82-3,27-Feb-87,C1=CC(=CC=C1C[C@@H](C(=O)O)N)N(CCCl)CCCl
Melphalan,developmental,148-82-3,1-Jul-90,C1=CC(=CC=C1C[C@@H](C(=O)O)N)N(CCCl)CCCl
Cycasin,cancer,14901-08-7,1-Jan-88,C/[N+](=N/CO[C@H]1[C@@H]([C@H]([C@@H]([C@H](O1)CO)O)O)O)/[O-]
2-Mercaptobenzothiazole,cancer,149-30-4,27-Oct-17,C1=CC=C2C(=C1)NC(=S)S2
"2-Ethylhexanoic acid, Delisted",developmental,149-57-5,7-Aug-09,CCCCC(CC)C(=O)O
Ethyleneimine (Aziridine),cancer,151-56-4,1-Jan-88,C1CN1
Halothane,developmental,151-67-7,1-Sep-96,C(C(F)(F)F)(Cl)Br
2-Aminofluorene,cancer,153-78-6,29-Jan-99,C1C2=CC=CC=C2C3=C1C=C(C=C3)N
Abiraterone acetate,"developmental, female,",154229-18-2,8-Apr-16,CC(=O)O[C@H]1CC[C@@]2([C@H]3CC[C@]4([C@H]([C@@H]3CC=C2C1)CC=C4C5=CN=CC=C5)C)C
Thioguanine,developmental,154-42-7,1-Jul-90,C1=NC2=C(N1)C(=S)N=C(N2)N
Methotrexate sodium,developmental,15475-56-6,1-Apr-90,CN(CC1=CN=C2C(=N1)C(=NC(=N2)N)N)C3=CC=C(C=C3)C(=O)N[C@@H](CCC(=O)[O-])C(=O)O.[Na+]
Bischloroethyl nitrosourea (BCNU),cancer,154-93-8,1-Jul-87,C(CCl)NC(=O)N(CCCl)N=O
Bischloroethyl nitrosourea (BCNU),developmental,154-93-8,1-Jul-90,C(CCl)NC(=O)N(CCCl)N=O
Bromate,cancer,15541-45-4,31-May-02,[O-]Br(=O)=O
p-Nitrosodiphenylamine,cancer,156-10-5,1-Jan-88,C1=CC=C(C=C1)NC2=CC=C(C=C2)N=O
Cisplatin,cancer,15663-27-1,1-Oct-88,
Daminozide,cancer,1596-84-5,1-Jan-90,CN(C)NC(=O)CCC(=O)O
Alachlor,cancer,15972-60-8,1-Jan-89,CCC1=C(C(=CC=C1)CC)N(COC)C(=O)CCl
Direct Brown 95 (technical grade),cancer,16071-86-6,1-Oct-88,
"1,2-Diethylhydrazine",cancer,1615-80-1,1-Jan-88,CCNNCC
Chlorcyclizine hydrochloride,developmental,1620-21-9,1-Jul-87,CN1CCN(CC1)C(C2=CC=CC=C2)C3=CC=C(C=C3)Cl.Cl
N-Nitrosomethyl-n-heptylamine,cancer,16338-99-1,26-Dec-14,CCCCCCCN(C)N=O
N-Nitrosonornicotine,cancer,16543-55-8,1-Jan-88,C1C[C@H](N(C1)N=O)C2=CN=CC=C2
Gyromitrin (Acetaldehyde,cancer,16568-02-8,1-Jan-88,C/C=N/N(C)C=O
Bromoxynil,developmental,1689-84-5,1-Oct-90,C1=C(C=C(C(=C1Br)O)Br)C#N
Bromoxynil octanoate,developmental,1689-99-2,18-May-99,CCCCCCCC(=O)OC1=C(C=C(C=C1Br)C#N)Br
Benzyl violet 4B,cancer,1694-09-3,1-Jul-87,CCN(CC1=CC(=CC=C1)S(=O)(=O)[O-])C2=CC=C(C=C2)C(=C3C=CC(=[N+](C)C)C=C3)C4=CC=C(C=C4)N(CC)CC5=CC(=CC=C5)S(=O)(=O)[O-].[Na+]
Doxycycline monohydrate (internal,developmental,17086-28-1,1-Oct-91,C[C@@H]1[C@H]2[C@@H]([C@H]3[C@@H](C(=O)C(=C([C@]3(C(=O)C2=C(C4=C1C=CC=C4O)O)O)O)C(=O)N)N(C)C)O.O
Danazol,developmental,17230-88-5,1-Apr-90,C[C@]12CC[C@H]3[C@H]([C@@H]1CC[C@]2(C#C)O)CCC4=CC5=C(C[C@]34C)C=NO5
"2,3,7,8-Tetrachlorodibenzo-p-",cancer,1746-01-6,1-Jan-88,C1=C2C(=CC(=C1Cl)Cl)OC3=CC(=C(C=C3O2)Cl)Cl
"2,3,7,8-Tetrachlorodibenzo-p-",developmental,1746-01-6,1-Apr-91,C1=C2C(=CC(=C1Cl)Cl)OC3=CC(=C(C=C3O2)Cl)Cl
Perfluorooctane sulfonate (PFOS),developmental,1763-23-1,10-Nov-17,C(C(C(C(C(F)(F)S(=O)(=O)O)(F)F)(F)F)(F)F)(C(C(C(F)(F)F)(F)F)(F)F)(F)F
Benthiavalicarb-isopropyl,cancer,177406-68-7,1-Jul-08,C[C@H](C1=NC2=C(S1)C=C(C=C2)F)NC(=O)[C@H](C(C)C)NC(=O)OC(C)C
Benomyl,"developmental, male",17804-35-2,1-Jul-91,CCCCNC(=O)N1C2=CC=CC=C2N=C1NC(=O)OC
Nitrofen (technical grade),cancer,1836-75-5,1-Jan-88,C1=CC(=CC=C1[N+](=O)[O-])OC2=C(C=C(C=C2)Cl)Cl
Plicamycin,developmental,18378-89-7,1-Apr-90,C[C@@H]1[C@H]([C@@H](C[C@@H](O1)O[C@@H]2C[C@@H](O[C@@H]([C@H]2O)C)OC3=CC4=CC5=C(C(=O)[C@H]([C@@H](C5)[C@@H](C(=O)[C@H]([C@@H](C)O)O)OC)O[C@H]6C[C@H]([C@@H]([C@H](O6)C)O)O[C@H]7C[C@H]([C@H]([C@H](O7)C)O)O[C@H]8C[C@]([C@@H]([C@H](O8)C)O)(C)O)C(=C4C(=C3C)O)O)O)O
"Nitrilotriacetic acid, trisodium salt",cancer,18662-53-8,1-Apr-89,C(C(=O)[O-])N(CC(=O)[O-])CC(=O)[O-].O.[Na+].[Na+].[Na+]
Streptozocin (streptozotocin),"developmental, female,",18883-66-4,20-Aug-99,CN(C(=O)N[C@@H]1[C@H]([C@@H]([C@H](O[C@@H]1O)CO)O)O)N=O
Streptozotocin (streptozocin),cancer,18883-66-4,1-Jan-88,CN(C(=O)N[C@@H]1[C@H]([C@@H]([C@H](O[C@@H]1O)CO)O)O)N=O
"Dibenzo[a,i]pyrene",cancer,189-55-9,1-Jan-88,C1=CC=C2C3=C4C(=CC2=C1)C=CC5=CC6=CC=CC=C6C(=C54)C=C3
"Dibenzo[a,h]pyrene",cancer,189-64-0,1-Jan-88,C1=CC=C2C3=C4C(=CC2=C1)C=CC5=C4C(=CC6=CC=CC=C56)C=C3
Chlorothalonil,cancer,1897-45-6,1-Jan-89,C(#N)C1=C(C(=C(C(=C1Cl)Cl)Cl)C#N)Cl
Oryzalin,cancer,19044-88-3,12-Sep-08,CCCN(CCC)C1=C(C=C(C=C1[N+](=O)[O-])S(=O)(=O)N)[N+](=O)[O-]
Atrazine,"developmental, female",1912-24-9,15-Jul-16,CCNC1=NC(=NC(=N1)Cl)NC(C)C
"Dibenzo[a,l]pyrene",cancer,191-30-0,1-Jan-88,C1=CC=C2C(=C1)C=C3C=CC4=C5C3=C2C6=CC=CC=C6C5=CC=C4
Propachlor,cancer,1918-16-7,27-Feb-01,CC(C)N(C1=CC=CC=C1)C(=O)CCl
"Dibenzo[a,e]pyrene",cancer,192-65-4,1-Jan-88,C1=CC=C2C3=C4C(=CC2=C1)C5=CC=CC=C5C6=CC=CC(=C64)C=C3
Nitrapyrin,cancer,1929-82-4,5-Oct-05,C1=CC(=NC(=C1)Cl)C(Cl)(Cl)Cl
Nitrapyrin,developmental,1929-82-4,30-Mar-99,C1=CC(=NC(=C1)Cl)C(Cl)(Cl)Cl
"Indeno[1,2,3-cd]pyrene",cancer,193-39-5,1-Jan-88,C1=CC=C2C(=C1)C3=C4C2=CC5=CC=CC6=C5C4=C(C=C6)C=C3
Direct Black 38 (technical grade),cancer,1937-37-7,1-Jan-88,C1=CC=C(C=C1)N=NC2=C(C3=C(C(=C(C=C3C=C2S(=O)(=O)[O-])S(=O)(=O)[O-])N=NC4=CC=C(C=C4)C5=CC=C(C=C5)N=NC6=C(C=C(C=C6)N)N)N)O.[Na+].[Na+]
"7H-Dibenzo[c,g]carbazole",cancer,194-59-2,1-Jan-88,C1=CC=C2C(=C1)C=CC3=C2C4=C(N3)C=CC5=CC=CC=C54
Oxadiazon,cancer,19666-30-9,1-Jul-91,CC(C)OC1=C(C=C(C(=C1)N2C(=O)OC(=N2)C(C)(C)C)Cl)Cl
Oxadiazon,developmental,19666-30-9,15-May-98,CC(C)OC1=C(C=C(C(=C1)N2C(=O)OC(=N2)C(C)(C)C)Cl)Cl
Amiodarone hydrochloride,"developmental, female,",19774-82-4,26-Aug-97,CCCCC1=C(C2=CC=CC=C2O1)C(=O)C3=CC(=C(C(=C3)I)OCCN(CC)CC)I.Cl
p-Chloroaniline hydrochloride,cancer,20265-96-7,15-May-98,C1=CC(=CC=C1N)Cl.Cl
"3,3’-Dimethoxybenzidine",cancer,20325-40-0,1-Oct-90,COC1=C(C=CC(=C1)C2=CC(=C(C=C2)N)OC)N.Cl.Cl
Methazole,developmental,20354-26-1,1-Dec-99,CN1C(=O)N(OC1=O)C2=CC(=C(C=C2)Cl)Cl
Benzo[j]fluoranthene,cancer,205-82-3,1-Jul-87,C1=CC=C2C(=C1)C=CC3=C2C4=CC=CC5=C4C3=CC=C5
Oxytetracycline hydrochloride,developmental,2058-46-0,1-Oct-91,C[C@@]1([C@H]2[C@@H]([C@H]3[C@@H](C(=O)C(=C([C@]3(C(=O)C2=C(C4=C1C=CC=C4O)O)O)O)C(=O)N)N(C)C)O)O.Cl
Benzo[b]fluoranthene,cancer,205-99-2,1-Jul-87,C1=CC=C2C3=C4C(=CC=C3)C5=CC=CC=C5C4=CC2=C1
Pimozide,"developmental, female",2062-78-4,20-Aug-99,C1CN(CCC1N2C3=CC=CC=C3NC2=O)CCCC(C4=CC=C(C=C4)F)C5=CC=C(C=C5)F
Vincristine sulfate,developmental,2068-78-2,1-Jul-90,CC[C@@]1(C[C@@H]2C[C@@](C3=C(CCN(C2)C1)C4=CC=CC=C4N3)(C5=C(C=C6C(=C5)[C@]78CCN9[C@H]7[C@@](C=CC9)([C@H]([C@@]([C@@H]8N6C=O)(C(=O)OC)O)OC(=O)C)CC)OC)C(=O)OC)O.OS(=O)(=O)O
Benzo[k]fluoranthene,cancer,207-08-9,1-Jul-87,C1=CC=C2C=C3C4=CC=CC5=C4C(=CC=C5)C3=CC2=C1
Daunomycin,cancer,20830-81-3,1-Jan-88,C[C@H]1[C@H]([C@H](C[C@@H](O1)O[C@H]2C[C@@](CC3=C2C(=C4C(=C3O)C(=O)C5=C(C4=O)C(=CC=C5)OC)O)(C(=O)C)O)N)O
D&C Red No. 8,cancer,2092-56-0,1-Oct-90,CC1=CC(=C(C=C1Cl)S(=O)(=O)[O-])N=NC2=C(C=CC3=CC=CC=C32)O.[Na+]
Tributyltin methacrylate,developmental,2155-70-6,1-Dec-99,CCCC[Sn](CCCC)(CCCC)OC(=O)C(=C)C
"Dibenz[a,c]anthracene",cancer,215-58-7,26-Dec-14,C1=CC=C2C=C3C4=CC=CC=C4C5=CC=CC=C5C3=CC2=C1
Bevacizumab,"developmental, female",216974-75-3,8-Mar-19,
Cyanazine,developmental,21725-46-2,1-Apr-90,CCNC1=NC(=NC(=N1)Cl)NC(C)(C)C#N
Cytembena,cancer,21739-91-3,15-May-98,COC1=CC=C(C=C1)C(=O)/C(=C\C(=O)[O-])/Br.[Na+]
Chrysene,cancer,218-01-9,1-Jan-90,C1=CC=C2C(=C1)C=CC3=C2C=CC4=CC=CC=C43
Nifedipine,"developmental, female,",21829-25-4,29-Jan-99,CC1=C(C(C(=C(N1)C)C(=O)OC)C2=CC=CC=C2[N+](=O)[O-])C(=O)OC
Molinate,"developmental, female,",2212-67-1,11-Dec-09,CCSC(=O)N1CCCCCC1
Tetrachlorvinphos,cancer,22248-79-9,20-May-16,COP(=O)(OC)O/C(=C\Cl)/C1=CC(=C(C=C1Cl)Cl)Cl
Indium phosphide,cancer,22398-80-7,27-Feb-01,P#[In]
"Dibenz[a,j]anthracene",cancer,224-41-9,26-Dec-14,C1=CC=C2C(=C1)C=CC3=CC4=C(C=C32)C5=CC=CC=C5C=C4
"Dibenz[a,j]acridine",cancer,224-42-0,1-Jan-88,C1=CC=C2C(=C1)C=CC3=NC4=C(C=C32)C5=CC=CC=C5C=C4
Diflunisal,"developmental, female",22494-42-4,29-Jan-99,C1=CC(=C(C=C1C2=C(C=C(C=C2)F)F)C(=O)O)O
"3,9-Dinitrofluoranthene",cancer,22506-53-2,26-Aug-97,C1=CC2=C(C=CC3=C2C(=C1)C4=C3C=C(C=C4)[N+](=O)[O-])[N+](=O)[O-]
"Dibenz[a,h]acridine",cancer,226-36-8,1-Jan-88,C1=CC=C2C(=C1)C=CC3=C2C=C4C=CC5=CC=CC=C5C4=N3
Halazepam,developmental,23092-17-3,1-Jul-90,C1C(=O)N(C2=C(C=C(C=C2)Cl)C(=N1)C3=CC=CC=C3)CC(F)(F)F
Pirimicarb,cancer,23103-98-2,1-Jul-08,CC1=C(N=C(N=C1OC(=O)N(C)C)N(C)C)C
Propargite,cancer,2312-35-8,1-Oct-94,CC(C)(C)C1=CC=C(C=C1)OC2CCCCC2OS(=O)OCC#C
Propargite,developmental,2312-35-8,15-Jun-99,CC(C)(C)C1=CC=C(C=C1)OC2CCCCC2OS(=O)OCC#C
Daunorubicin hydrochloride,developmental,23541-50-6,1-Jul-90,C[C@H]1[C@H]([C@H](C[C@@H](O1)O[C@H]2C[C@@](CC3=C2C(=C4C(=C3O)C(=O)C5=C(C4=O)C(=CC=C5)OC)O)(C(=O)C)O)N)O.Cl
Thiophanate methyl,"female, male",23564-05-8,18-May-99,COC(=O)NC(=S)NC1=CC=CC=C1NC(=S)NC(=O)OC
Mirex,cancer,2385-85-5,1-Jan-88,C12(C3(C4(C5(C3(C(C1(C5(C2(C4(Cl)Cl)Cl)Cl)Cl)(Cl)Cl)Cl)Cl)Cl)Cl)Cl
Pronamide,cancer,23950-58-5,1-May-96,CC(C)(C#C)NC(=O)C1=CC(=CC(=C1)Cl)Cl
C.I. Direct Blue 15,cancer,2429-74-5,26-Aug-97,COC1=C(C=CC(=C1)C2=CC(=C(C=C2)N=NC3=C(C4=C(C=C(C=C4C=C3S(=O)(=O)[O-])S(=O)(=O)[O-])N)O)OC)N=NC5=C(C6=C(C=C(C=C6C=C5S(=O)(=O)[O-])S(=O)(=O)[O-])N)O.[Na+].[Na+].[Na+].[Na+]
"Malonaldehyde, sodium salt",cancer,24382-04-5,3-May-11,[CH-](C=O)C=O.[Na+]
Doxycycline hyclate (internal use),developmental,24390-14-5,1-Oct-91,CCO.C[C@@H]1[C@H]2[C@@H]([C@H]3[C@@H](C(=O)C(=C([C@]3(C(=O)C2=C(C4=C1C=CC=C4O)O)O)O)C(=O)N)N(C)C)O.C[C@@H]1[C@H]2[C@@H]([C@H]3[C@@H](C(=O)C(=C([C@]3(C(=O)C2=C(C4=C1C=CC=C4O)O)O)O)C(=O)N)N(C)C)O.O.Cl.Cl
"1,3,5-Triglycidyl-s-triazinetrione,",male,2451-62-9,7-Aug-09,C1C(O1)CN2C(=O)N(C(=O)N(C2=O)CC3CO3)CC4CO4
Disperse Blue 1,cancer,2475-45-8,1-Oct-90,C1=CC(=C2C(=C1N)C(=O)C3=C(C=CC(=C3C2=O)N)N)N
Butylated hydroxyanisole,cancer,25013-16-5,1-Jan-90,CC(C)(C)C1=C(C=CC(=C1)OC)O
Clobetasol propionate,"developmental, female",25122-46-7,15-May-98,CCC(=O)O[C@@]1([C@H](C[C@@H]2[C@@]1(C[C@@H]([C@]3([C@H]2CCC4=CC(=O)C=C[C@@]43C)F)O)C)C)C(=O)CCl
Doxorubicin hydrochloride,cancer,25316-40-9,1-Jul-87,C[C@H]1[C@H]([C@H](C[C@@H](O1)O[C@H]2C[C@@](CC3=C2C(=C4C(=C3O)C(=O)C5=C(C4=O)C(=CC=C5)OC)O)(C(=O)CO)O)N)O.Cl
Doxorubicin hydrochloride,"developmental, male",25316-40-9,29-Jan-99,C[C@H]1[C@H]([C@H](C[C@@H](O1)O[C@H]2C[C@@](CC3=C2C(=C4C(=C3O)C(=O)C5=C(C4=O)C(=CC=C5)OC)O)(C(=O)CO)O)N)O.Cl
Gemfibrozil,cancer,25812-30-0,22-Dec-00,CC1=CC(=C(C=C1)C)OCCCC(C)(C)C(=O)O
Gemfibrozil,"female, male",25812-30-0,20-Aug-99,CC1=CC(=C(C=C1)C)OCCCC(C)(C)C(=O)O
Terrazole,cancer,2593-15-9,1-Oct-94,CCOC1=NC(=NS1)C(Cl)(Cl)Cl
Direct Blue 6 (technical grade),cancer,2602-46-2,1-Jan-88,C1=CC(=CC=C1C2=CC=C(C=C2)N=NC3=C(C4=C(C=C(C=C4C=C3S(=O)(=O)[O-])S(=O)(=O)[O-])N)O)N=NC5=C(C6=C(C=C(C=C6C=C5S(=O)(=O)[O-])S(=O)(=O)[O-])N)O.[Na+].[Na+].[Na+].[Na+]
"A-alpha-C (2-Amino-9H-pyrido [2,3-",Cancer,26148-68-5,1-Jan-90,C1=CC=C2C(=C1)C3=C(N2)N=C(C=C3)N
Oil Orange SS,cancer,2646-17-5,1-Apr-88,CC1=CC=CC=C1N=NC2=C(C=CC3=CC=CC=C32)O
Toluene diisocyanate,cancer,26471-62-5,1-Oct-89,
Triforine,developmental,26644-46-2,18-Jun-99,C1CN(CCN1C(C(Cl)(Cl)Cl)NC=O)C(C(Cl)(Cl)Cl)NC=O
Benzofuran,cancer,271-89-6,1-Oct-90,C1=CC=C2C(=C1)C=CO2
Cyclopenta[cd]pyrene,cancer,27208-37-3,29-Apr-11,C1=CC2=C3C(=C1)C=C4C=CC5=C4C3=C(C=C2)C=C5
HC Blue 1,cancer,2784-94-3,1-Jul-89,CNC1=C(C=C(C=C1)N(CCO)CCO)[N+](=O)[O-]
C.I. Disperse Yellow 3,cancer,2832-40-8,8-Feb-13,CC1=CC(=C(C=C1)O)N=NC2=CC=C(C=C2)NC(=O)C
C.I. Direct Blue 218,cancer,28407-37-6,26-Aug-97,C1=CC(=C(C=C1C2=CC(=C(C=C2)N=NC3=C(C4=C(C=C(C=C4C=C3S(=O)(=O)[O-])S(=O)(=O)[O-])N)O)O)O)N=NC5=C(C6=C(C=C(C=C6C=C5S(=O)(=O)[O-])S(=O)(=O)[O-])N)O.[Na+].[Na+].[Na+].[Na+].[Cu].[Cu]
"3,3’-Dichloro-4,4’-diaminodiphenyl",cancer,28434-86-8,1-Jan-88,C1=CC(=C(C=C1OC2=CC(=C(C=C2)N)Cl)Cl)N
N-Nitrosomethyl-n-hexylamine,cancer,28538-70-7,26-Dec-14,CCCCCCN(C)N=O
Triazolam,developmental,28911-01-5,1-Apr-90,CC1=NN=C2N1C3=C(C=C(C=C3)Cl)C(=NC2)C4=CC=CC=C4Cl
Alprazolam,developmental,28981-97-7,1-Jul-90,CC1=NN=C2N1C3=C(C=C(C=C3)Cl)C(=NC2)C4=CC=CC=C4
Atenolol,developmental,29122-68-7,26-Aug-97,CC(C)NCC(COC1=CC=C(C=C1)CC(=O)N)O
Chlorpyrifos,developmental,2921-88-2,15-Dec-17,CCOP(=S)(OCC)OC1=NC(=C(C=C1Cl)Cl)Cl
Teniposide,developmental,29767-20-2,1-Sep-96,COC1=CC(=CC(=C1O)OC)[C@H]2[C@@H]3[C@H](COC3=O)[C@@H](C4=CC5=C(C=C24)OCO5)O[C@H]6[C@@H]([C@H]([C@H]7[C@H](O6)CO[C@H](O7)C8=CC=CS8)O)O
Carbamazepine,developmental,298-46-4,29-Jan-99,C1=CC=C2C(=C1)C=CC3=CC=CC=C3N2C(=O)N
8-Methoxypsoralen with ultraviolet,cancer,298-81-7,27-Feb-87,COC1=C2C(=CC3=C1OC=C3)C=CC(=O)O2
Treosulfan,cancer,299-75-2,27-Feb-87,CS(=O)(=O)OC[C@@H]([C@H](COS(=O)(=O)C)O)O
Lead acetate,cancer,301-04-2,1-Jan-88,CC(=O)[O-].CC(=O)[O-].[Pb+2]
Oxydemeton methyl,"female, male",301-12-2,6-Nov-98,CCS(=O)CCSP(=O)(OC)OC
Hydrazine,cancer,302-01-2,1-Jan-88,NN
Chloral hydrate,cancer,302-17-0,13-Sep-13,C(C(Cl)(Cl)Cl)(O)O
Nitrogen mustard N-oxide,cancer,302-70-5,1-Apr-88,C[N+](CCCl)(CCCl)[O-].Cl
All-trans retinoic acid,developmental,302-79-4,1-Jan-89,CC1=C(C(CCC1)(C)C)/C=C/C(=C/C=C/C(=C/C(=O)O)/C)/C
Lasiocarpine,cancer,303-34-4,1-Apr-88,C/C=C(/C)\C(=O)O[C@H]1CCN2[C@@H]1C(=CC2)COC(=O)[C@@]([C@H](C)OC)(C(C)(C)O)O
Ochratoxin A,cancer,303-47-9,1-Jul-90,C[C@@H]1CC2=C(C=C(C(=C2C(=O)O1)O)C(=O)N[C@@H](CC3=CC=CC=C3)C(=O)O)Cl
Chlorambucil,cancer,305-03-3,27-Feb-87,C1=CC(=CC=C1CCCC(=O)O)N(CCCl)CCCl
Chlorambucil,developmental,305-03-3,1-Jan-89,C1=CC(=CC=C1CCCC(=O)O)N(CCCl)CCCl
Zidovudine (AZT),cancer,30516-87-1,18-Dec-09,CC1=CN(C(=O)NC1=O)[C@H]2C[C@@H]([C@H](O2)CO)N=[N+]=[N-]
beta-Butyrolactone,cancer,3068-88-0,1-Jul-87,CC1CC(=O)O1
Aldrin,cancer,309-00-2,1-Jul-88,C1[C@@H]2C=C[C@H]1[C@H]3[C@@H]2[C@]4(C(=C([C@@]3(C4(Cl)Cl)Cl)Cl)Cl)Cl
Secobarbital sodium,developmental,309-43-3,1-Oct-92,CCCC(C)C1(C(=O)NC(=O)[N-]C1=O)CC=C.[Na+]
Mebendazole,developmental,31431-39-7,20-Aug-99,COC(=O)NC1=NC2=C(N1)C=C(C=C2)C(=O)C3=CC=CC=C3
Monocrotaline,cancer,315-22-0,1-Apr-88,C[C@H]1C(=O)O[C@@H]2CCN3[C@@H]2C(=CC3)COC(=O)[C@]([C@]1(C)O)(C)O
Testosterone enanthate,developmental,315-37-7,1-Apr-90,CCCCCCC(=O)O[C@H]1CC[C@@H]2[C@@]1(CC[C@H]3[C@H]2CCC4=CC(=O)CC[C@]34C)C
Azacitidine,cancer,320-67-2,1-Jan-92,C1=NC(=NC(=O)N1[C@H]2[C@@H]([C@@H]([C@H](O2)CO)O)O)N
Dibromoacetonitrile,cancer,3252-43-5,3-May-11,C(#N)C(Br)Br
Procymidone,cancer,32809-16-8,1-Oct-94,CC12CC1(C(=O)N(C2=O)C3=CC(=CC(=C3)Cl)Cl)C
"2,2-Bis(bromomethyl)-1,3-",cancer,3296-90-0,1-May-96,C(C(CO)(CBr)CBr)O
Diuron,cancer,330-54-1,31-May-02,CN(C)C(=O)NC1=CC(=C(C=C1)Cl)Cl
Linuron,developmental,330-55-2,19-Mar-99,CN(C(=O)NC1=CC(=C(C=C1)Cl)Cl)OC
Paclitaxel,"developmental, female,",33069-62-4,26-Aug-97,CC1=C2[C@H](C(=O)[C@@]3([C@H](C[C@@H]4[C@]([C@H]3[C@@H]([C@@](C2(C)C)(C[C@@H]1OC(=O)[C@@H]([C@H](C5=CC=CC=C5)NC(=O)C6=CC=CC=C6)O)O)OC(=O)C7=CC=CC=C7)(CO4)OC(=O)C)O)C)OC(=O)C
Amitraz,developmental,33089-61-1,30-Mar-99,CC1=CC(=C(C=C1)N=CN(C)C=NC2=C(C=C(C=C2)C)C)C
Caffeic acid,cancer,331-39-5,1-Oct-94,C1=CC(=C(C=C1/C=C/C(=O)O)O)O
Diltiazem hydrochloride,developmental,33286-22-5,27-Feb-01,CC(=O)O[C@@H]1[C@@H](SC2=CC=CC=C2N(C1=O)CCN(C)C)C3=CC=C(C=C3)OC.Cl
Mestranol,,33-3,,
Nickel carbonate,cancer,3333-67-3,1-Oct-89,C(=O)([O-])[O-].[Ni+2]
Etoposide,cancer,33419-42-0,4-Nov-11,C[C@@H]1OC[C@@H]2[C@@H](O1)[C@@H]([C@H]([C@@H](O2)O[C@H]3[C@H]4COC(=O)[C@@H]4[C@@H](C5=CC6=C(C=C35)OCO6)C7=CC(=C(C(=C7)OC)O)OC)O)O
Etoposide,developmental,33419-42-0,1-Jul-90,C[C@@H]1OC[C@@H]2[C@@H](O1)[C@@H]([C@H]([C@@H](O2)O[C@H]3[C@H]4COC(=O)[C@@H]4[C@@H](C5=CC6=C(C=C35)OCO6)C7=CC(=C(C(=C7)OC)O)OC)O)O
Perfluorooctanoic acid (PFOA),cancer,335-67-1,25-Feb-22,C(=O)(C(C(C(C(C(C(C(F)(F)F)(F)F)(F)F)(F)F)(F)F)(F)F)(F)F)O
Perfluorooctanoic acid (PFOA),developmental,335-67-1,10-Nov-17,C(=O)(C(C(C(C(C(C(C(F)(F)F)(F)F)(F)F)(F)F)(F)F)(F)F)(F)F)O
"2,4-Diamino-6-chloro-s-triazine","developmental, female",3397-62-4,15-Jul-16,C1(=NC(=NC(=N1)Cl)N)N
Auranofin,developmental,34031-32-8,29-Jan-99,CCP(CC)CC.CC(=O)OCC1C(C(C(C(O1)[S-])OC(=O)C)OC(=O)C)OC(=O)C.[Au+]
Acetochlor,cancer,34256-82-1,1-Jan-89,CCC1=CC=CC(=C1N(COCC)C(=O)CCl)C
N-Nitrosomethyl-n-octylamine,cancer,34423-54-6,26-Dec-14,CCCCCCCCN(C)N=O
Hexachlorodibenzodioxin,cancer,34465-46-8,1-Apr-88,
D&C Orange No. 17,cancer,3468-63-1,1-Jul-90,C1=CC=C2C(=C1)C=CC(=C2N=NC3=C(C=C(C=C3)[N+](=O)[O-])[N+](=O)[O-])O
Imazalil,cancer,35554-44-0,20-May-11,C=CCOC(CN1C=CN=C1)C2=C(C=C(C=C2)Cl)Cl
2-(2-Formylhydrazino)-4-(5-nitro-2-,cancer,3570-75-0,1-Jan-88,C1=C(OC(=C1)[N+](=O)[O-])C2=CSC(=N2)NNC=O
Diazoxide,developmental,364-98-7,27-Feb-01,CC1=NS(=O)(=O)C2=C(N1)C=CC(=C2)Cl
Procarbazine hydrochloride,cancer,366-70-1,1-Jan-88,CC(C)NC(=O)C1=CC=C(C=C1)CNNC.Cl
Procarbazine hydrochloride,developmental,366-70-1,1-Jul-90,CC(C)NC(=O)C1=CC=C(C=C1)CNNC.Cl
Iprodione,cancer,36734-19-7,1-May-96,CC(C)NC(=O)N1CC(=O)N(C1=O)C2=CC(=CC(=C2)Cl)Cl
Quazepam,developmental,36735-22-5,26-Aug-97,C1C(=S)N(C2=C(C=C(C=C2)Cl)C(=N1)C3=CC=CC=C3F)CC(F)(F)F
Ribavirin,developmental,36791-04-5,1-Apr-90,C1=NC(=NN1[C@H]2[C@@H]([C@@H]([C@H](O2)CO)O)O)C(=O)N
AF-2;[2-(2-furyl)-3-(5-nitro-2-furyl)],cancer,3688-53-7,1-Jul-87,C1=COC(=C1)/C(=C/C2=CC=C(O2)[N+](=O)[O-])/C(=O)N
5-Methylchrysene,cancer,3697-24-3,1-Apr-88,CC1=CC2=CC=CC=C2C3=C1C4=CC=CC=C4C=C3
Nickel acetate,cancer,373-02-4,1-Oct-89,CC(=O)[O-].CC(=O)[O-].[Ni+2]
Ponceau MX,cancer,3761-53-3,1-Apr-88,CC1=CC(=C(C=C1)N=NC2=C3C=CC(=CC3=CC(=C2O)S(=O)(=O)[O-])S(=O)(=O)[O-])C.[Na+].[Na+]
Nafenopin,cancer,3771-19-5,1-Apr-88,CC(C)(C(=O)O)OC1=CC=C(C=C1)C2CCCC3=CC=CC=C23
Ifosfamide,developmental,3778-73-2,1-Jul-90,C1CN(P(=O)(OC1)NCCCl)CCCl
Ergotamine tartrate,developmental,379-79-3,1-Apr-90,C[C@@]1(C(=O)N2[C@H](C(=O)N3CCC[C@H]3[C@@]2(O1)O)CC4=CC=CC=C4)NC(=O)[C@H]5CN([C@@H]6CC7=CNC8=CC=CC(=C78)C6=C5)C.C[C@@]1(C(=O)N2[C@H](C(=O)N3CCC[C@H]3[C@@]2(O1)O)CC4=CC=CC=C4)NC(=O)[C@H]5CN([C@@H]6CC7=CNC8=CC=CC(=C78)C6=C5)C.[C@@H]([C@H](C(=O)O)O)(C(=O)O)O
Pertuzumab,developmental,380610-27-5,27-Jan-17,
Streptomycin sulfate,developmental,3810-74-0,1-Jan-91,C[C@H]1[C@@]([C@H]([C@@H](O1)O[C@@H]2[C@H]([C@@H]([C@H]([C@@H]([C@H]2O)O)N=C(N)N)O)N=C(N)N)O[C@H]3[C@H]([C@@H]([C@H]([C@@H](O3)CO)O)O)NC)(C=O)O.C[C@H]1[C@@]([C@H]([C@@H](O1)O[C@@H]2[C@H]([C@@H]([C@H]([C@@H]([C@H]2O)O)N=C(N)N)O)N=C(N)N)O[C@H]3[C@H]([C@@H]([C@H]([C@@H](O3)CO)O)O)NC)(C=O)O.OS(=O)(=O)O.OS(=O)(=O)O.OS(=O)(=O)O
Sulindac,"developmental, female",38194-50-2,29-Jan-99,CC\1=C(C2=C(/C1=C\C3=CC=C(C=C3)S(=O)C)C=CC(=C2)F)CC(=O)O
Trientine hydrochloride,developmental,38260-01-4,27-Feb-01,C(CNCCNCCN)N.Cl.Cl
Nalidixic acid,cancer,389-08-2,15-May-98,CCN1C=C(C(=O)C2=C1N=C(C=C2)C)C(=O)O
"2,4-Diaminoanisole sulfate",cancer,39156-41-7,1-Jan-88,COC1=C(C=C(C=C1)N)N.OS(=O)(=O)O
Dinocap,developmental,39300-45-3,1-Apr-90,
Triamterene,cancer,396-01-0,18-Apr-14,C1=CC=C(C=C1)C2=NC3=C(N=C(N=C3N=C2N)N)N
Methacycline hydrochloride,developmental,3963-95-9,1-Jan-91,CN(C)[C@H]1[C@@H]2[C@H]([C@@H]3C(=C)C4=C(C(=CC=C4)O)C(=C3C(=O)[C@@]2(C(=C(C1=O)C(=O)N)O)O)O)O.Cl
Amikacin sulfate,developmental,39831-55-5,1-Jul-90,C1[C@@H]([C@H]([C@@H]([C@H]([C@@H]1NC(=O)[C@H](CCN)O)O[C@@H]2[C@@H]([C@H]([C@@H]([C@H](O2)CO)O)N)O)O)O[C@@H]3[C@@H]([C@H]([C@@H]([C@H](O3)CN)O)O)O)N.OS(=O)(=O)O.OS(=O)(=O)O
Etodolac,"developmental, female",41340-25-4,20-Aug-99,CCC1=C2C(=CC=C1)C3=C(N2)C(OCC3)(CC)CC(=O)O
Carboplatin,developmental,41575-94-4,1-Jul-90,C1CC(C1)(C(=O)O)C(=O)O.[NH2-].[NH2-].[Pt+2]
"1,6-Dinitropyrene",cancer,42397-64-8,1-Oct-90,C1=CC2=C(C=CC3=C2C4=C1C=CC(=C4C=C3)[N+](=O)[O-])[N+](=O)[O-]
"1,8-Dinitropyrene",cancer,42397-65-9,1-Oct-90,C1=CC2=C3C(=C(C=C2)[N+](=O)[O-])C=CC4=C(C=CC1=C43)[N+](=O)[O-]
Cladribine,developmental,4291-63-8,1-Sep-96,C1[C@@H]([C@H](O[C@H]1N2C=NC3=C(N=C(N=C32)Cl)N)CO)O
Triadimefon,"developmental, female,",43121-43-3,30-Mar-99,CC(C)(C)C(=O)C(N1C=NC=N1)OC2=CC=C(C=C2)Cl
Oxymetholone,cancer,434-07-1,1-Jan-88,C[C@]12CC[C@H]3[C@H]([C@@H]1CC[C@]2(C)O)CC[C@@H]4[C@@]3(C/C(=C/O)/C(=O)C4)C
Oxymetholone,developmental,434-07-1,1-May-97,C[C@]12CC[C@H]3[C@H]([C@@H]1CC[C@]2(C)O)CC[C@@H]4[C@@]3(C/C(=C/O)/C(=O)C4)C
Phenprocoumon,developmental,435-97-2,1-Oct-92,CCC(C1=CC=CC=C1)C2=C(C3=CC=CC=C3OC2=O)O
Chlordiazepoxide hydrochloride,developmental,438-41-5,1-Jan-92,CN=C1CN(C(=C2C=C(C=CC2=N1)Cl)C3=CC=CC=C3)O.Cl
Diazepam,developmental,439-14-5,1-Jan-92,CN1C(=O)CN=C(C2=C1C=CC(=C2)Cl)C3=CC=CC=C3
Metronidazole,cancer,443-48-1,1-Jan-88,CC1=NC=C(N1CCO)[N+](=O)[O-]
Azathioprine,cancer,446-86-6,27-Feb-87,CN1C=NC(=C1SC2=NC=NC3=C2NC=N3)[N+](=O)[O-]
Azathioprine,developmental,446-86-6,1-Sep-96,CN1C=NC(=C1SC2=NC=NC3=C2NC=N3)[N+](=O)[O-]
N-Nitrosomethylvinylamine,cancer,4549-40-0,1-Jan-88,CN(C=C)N=O
Chenodiol,developmental,474-25-9,1-Apr-90,C[C@H](CCC(=O)O)[C@H]1CC[C@@H]2[C@@]1(CC[C@H]3[C@H]2[C@@H](C[C@H]4[C@@]3(CC[C@H](C4)O)C)O)C
Isotretinoin,developmental,4759-48-2,1-Jul-87,CC1=C(C(CCC1)(C)C)/C=C/C(=C/C=C/C(=C\C(=O)O)/C)/C
5-Methoxypsoralen with ultraviolet,cancer,484-20-8,1-Oct-88,COC1=C2C=CC(=O)OC2=CC3=C1C=CO3
Auramine,cancer,492-80-8,1-Jul-87,CN(C)C1=CC=C(C=C1)C(=N)C2=CC=C(C=C2)N(C)C
"N,N-Bis(2-chloroethyl)-2-",cancer,494-03-1,27-Feb-87,C1=CC=C2C=C(C=CC2=C1)N(CCCl)CCCl
Tobramycin sulfate,developmental,49842-07-1,1-Jul-90,C1[C@@H]([C@H]([C@@H]([C@H]([C@@H]1N)O[C@@H]2[C@@H]([C@H]([C@@H]([C@H](O2)CO)O)N)O)O)O[C@@H]3[C@@H](C[C@@H]([C@H](O3)CN)O)N)N.OS(=O)(=O)O
Formaldehyde (gas),cancer,50-00-0,1-Jan-88,C=O
Phenobarbital,cancer,50-06-6,1-Jan-90,CCC1(C(=O)NC(=O)NC1=O)C2=CC=CC=C2
Mitomycin C,cancer,50-07-7,1-Apr-88,CC1=C(C(=O)C2=C(C1=O)N3C[C@H]4[C@@H]([C@@]3([C@@H]2COC(=O)N)OC)N4)N
Cyclophosphamide (anhydrous),cancer,50-18-0,27-Feb-87,C1CNP(=O)(OC1)N(CCCl)CCCl
Cyclophosphamide (anhydrous),"developmental, female,",50-18-0,1-Jan-89,C1CNP(=O)(OC1)N(CCCl)CCCl
Estradiol 17B,cancer,50-28-2,1-Jan-88,C[C@]12CC[C@H]3[C@H]([C@@H]1CC[C@@H]2O)CCC4=C3C=CC(=C4)O
DDT (Dichlorodi-,cancer,50-29-3,1-Oct-87,C1=CC(=CC=C1C(C2=CC=C(C=C2)Cl)C(Cl)(Cl)Cl)Cl
"p,p’-DDT","developmental, female,",50-29-3,15-May-98,C1=CC(=CC=C1C(C2=CC=C(C=C2)Cl)C(Cl)(Cl)Cl)Cl
Benzo[a]pyrene,cancer,50-32-8,1-Jul-87,C1=CC=C2C3=C4C(=CC2=C1)C=CC5=C4C(=CC=C5)C=C3
Thalidomide,developmental,50-35-1,1-Jul-87,C1CC(=O)NC(=O)C1N2C(=O)C3=CC=CC=C3C2=O
Cocaine,"developmental, female",50-36-2,1-Jul-89,CN1[C@H]2CC[C@@H]1[C@H]([C@H](C2)OC(=O)C3=CC=CC=C3)C(=O)OC
Clomiphene citrate,cancer,50-41-9,24-May-13,CCN(CC)CCOC1=CC=C(C=C1)/C(=C(/C2=CC=CC=C2)\Cl)/C3=CC=CC=C3.C(C(=O)O)C(CC(=O)O)(C(=O)O)O
Clomiphene citrate,developmental,50-41-9,1-Apr-90,CCN(CC)CCOC1=CC=C(C=C1)/C(=C(/C2=CC=CC=C2)\Cl)/C3=CC=CC=C3.C(C(=O)O)C(CC(=O)O)(C(=O)O)O
Vinclozolin,cancer,50471-44-8,20-Aug-99,CC1(C(=O)N(C(=O)O1)C2=CC(=CC(=C2)Cl)Cl)C=C
Vinclozolin,developmental,50471-44-8,15-May-98,CC1(C(=O)N(C(=O)O1)C2=CC(=CC(=C2)Cl)Cl)C=C
Reserpine,cancer,50-55-5,1-Oct-89,CO[C@H]1[C@@H](C[C@@H]2CN3CCC4=C([C@H]3C[C@@H]2[C@@H]1C(=O)OC)NC5=C4C=CC(=C5)OC)OC(=O)C6=CC(=C(C(=C6)OC)OC)OC
Mustard Gas,cancer,505-60-2,27-Feb-87,C(CCl)SCCCl
Actinomycin D,cancer,50-76-0,1-Oct-89,C[C@@H]1[C@@H](C(=O)N[C@@H](C(=O)N2CCC[C@H]2C(=O)N(CC(=O)N([C@H](C(=O)O1)C(C)C)C)C)C(C)C)NC(=O)C3=C4C(=C(C=C3)C)OC5=C(C(=O)C(=C(C5=N4)C(=O)N[C@H]6[C@H](OC(=O)[C@@H](N(C(=O)CN(C(=O)[C@@H]7CCCN7C(=O)[C@H](NC6=O)C(C)C)C)C)C(C)C)C)N)C
Actinomycin D,developmental,50-76-0,1-Oct-92,C[C@@H]1[C@@H](C(=O)N[C@@H](C(=O)N2CCC[C@H]2C(=O)N(CC(=O)N([C@H](C(=O)O1)C(C)C)C)C)C(C)C)NC(=O)C3=C4C(=C(C=C3)C)OC5=C(C(=O)C(=C(C5=N4)C(=O)N[C@H]6[C@H](OC(=O)[C@@H](N(C(=O)CN(C(=O)[C@@H]7CCCN7C(=O)[C@H](NC6=O)C(C)C)C)C)C(C)C)C)N)C
Aspirin (NOTE:  It is especially,"developmental, female",50-78-2,1-Jul-90,CC(=O)OC1=CC=CC=C1C(=O)O
Tetranitromethane,cancer,509-14-8,1-Jul-90,C([N+](=O)[O-])([N+](=O)[O-])([N+](=O)[O-])[N+](=O)[O-]
Indium tin oxide,cancer,50926-11-9,19-Mar-21,
"Ethyl-4,4’-dichlorobenzilate",cancer,510-15-6,1-Jan-90,CCOC(=O)C(C1=CC=C(C=C1)Cl)(C2=CC=C(C=C2)Cl)O
Flurbiprofen,"developmental, female",5104-49-4,20-Aug-99,CC(C1=CC(=C(C=C1)C2=CC=CC=C2)F)C(=O)O
Fluorouracil,developmental,51-21-8,1-Jan-89,C1=C(C(=O)NC(=O)N1)F
Trimethyl phosphate,cancer,512-56-1,1-May-96,COP(=O)(OC)OC
Amsacrine,cancer,51264-14-3,7-Aug-09,COC1=C(C=CC(=C1)NS(=O)(=O)C)NC2=C3C=CC=CC3=NC4=CC=CC=C42
Dimethylvinylchloride,cancer,513-37-1,1-Jul-89,CC(=CCl)C
Diclofop-methyl,cancer,51338-27-3,6-Apr-10,CC(C(=O)OC)OC1=CC=C(C=C1)OC2=C(C=C(C=C2)Cl)Cl
Diclofop methyl,developmental,51338-27-3,5-Mar-99,CC(C(=O)OC)OC1=CC=C(C=C1)OC2=C(C=C(C=C2)Cl)Cl
Propylthiouracil,cancer,51-52-5,1-Jan-88,CCCC1=CC(=O)NC(=S)N1
Propylthiouracil,developmental,51-52-5,1-Jul-90,CCCC1=CC(=O)NC(=S)N1
Nitrogen mustard,cancer,51-75-2,1-Jan-88,CN(CCCl)CCCl
Nitrogen mustard,developmental,51-75-2,1-Jan-89,CN(CCCl)CCCl
Urethane (Ethyl carbamate),cancer,51-79-6,1-Jan-88,CCOC(=O)N
Urethane (Ethyl carbamate),developmental,51-79-6,1-Oct-94,CCOC(=O)N
Norethisterone acetate,developmental,51-98-9,1-Oct-91,CC(=O)O[C@]1(CC[C@@H]2[C@@]1(CC[C@H]3[C@H]2CCC4=CC(=O)CC[C@H]34)C)C#C
Spironolactone,cancer,52-01-7,1-May-97,CC(=O)S[C@@H]1CC2=CC(=O)CC[C@@]2([C@@H]3[C@@H]1[C@@H]4CC[C@]5([C@]4(CC3)C)CCC(=O)O5)C
"p-a,a,a-Tetrachlorotoluene",cancer,5216-25-1,1-Jan-90,C1=CC(=CC=C1C(Cl)(Cl)Cl)Cl
Teriparatide,cancer,52232-67-4,14-Aug-15,CCC(C)C(C(=O)NC(CCC(=O)N)C(=O)NC(CC(C)C)C(=O)NC(CCSC)C(=O)NC(CC1=CNC=N1)C(=O)NC(CC(=O)N)C(=O)NC(CC(C)C)C(=O)NCC(=O)NC(CCCCN)C(=O)NC(CC2=CNC=N2)C(=O)NC(CC(C)C)C(=O)NC(CC(=O)N)C(=O)NC(CO)C(=O)NC(CCSC)C(=O)NC(CCC(=O)O)C(=O)NC(CCCNC(=N)N)C(=O)NC(C(C)C)C(=O)NC(CCC(=O)O)C(=O)NC(CC3=CNC4=CC=CC=C43)C(=O)NC(CC(C)C)C(=O)NC(CCCNC(=N)N)C(=O)NC(CCCCN)C(=O)NC(CCCCN)C(=O)NC(CC(C)C)C(=O)NC(CCC(=O)N)C(=O)NC(CC(=O)O)C(=O)NC(C(C)C)C(=O)NC(CC5=CNC=N5)C(=O)NC(CC(=O)N)C(=O)NC(CC6=CC=CC=C6)C(=O)O)NC(=O)C(CCC(=O)O)NC(=O)C(CO)NC(=O)C(C(C)C)NC(=O)C(CO)N
Tris(1-aziridinyl)phosphine sulfide,cancer,52-24-4,1-Jan-88,C1CN1P(=S)(N2CC2)N3CC3
Codeine phosphate,developmental,52-28-8,15-May-98,CN1CC[C@]23[C@@H]4[C@H]1CC5=C2C(=C(C=C5)OC)O[C@H]3[C@H](C=C4)O.OP(=O)(O)O
Penicillamine,developmental,52-67-5,1-Jan-91,CC(C)([C@H](C(=O)O)N)S
Lynestrenol,cancer,52-76-6,27-Feb-01,C[C@]12CC[C@H]3[C@H]([C@@H]1CC[C@]2(C#C)O)CCC4=CCCC[C@H]34
o-Dinitrobenzene,male,528-29-0,1-Jul-90,C1=CC=C(C(=C1)[N+](=O)[O-])[N+](=O)[O-]
Haloperidol,"developmental, female",52-86-8,29-Jan-99,C1CN(CCC1(C2=CC=C(C=C2)Cl)O)CCCC(=O)C3=CC=C(C=C3)F
Estrone,cancer,53-16-7,1-Jan-88,C[C@]12CC[C@H]3[C@H]([C@@H]1CCC2=O)CCC4=C3C=CC(=C4)O
Merphalan,cancer,531-76-0,1-Apr-88,C1=CC(=CC=C1CC(C(=O)O)N)N(CCCl)CCCl
N-[4-(5-Nitro-2-furyl)-2-thiazolyl],cancer,531-82-8,1-Apr-88,CC(=O)NC1=NC(=CS1)C2=CC=C(O2)[N+](=O)[O-]
Bromacil lithium salt,developmental,53404-19-6,18-May-99,[Li+].CCC(C)N1C(=O)C(=C([N-]C1=O)C)Br
Bromacil lithium salt,male,53404-19-6,17-Jan-03,[Li+].CCC(C)N1C(=O)C(=C([N-]C1=O)C)Br
Ethionamide,developmental,536-33-4,26-Aug-97,CCC1=NC=CC(=C1)C(=S)N
"Dibenz[a,h]anthracene",cancer,53-70-3,1-Jan-88,C1=CC=C2C(=C1)C=CC3=CC4=C(C=CC5=CC=CC=C54)C=C32
Pentostatin,developmental,53910-25-1,1-Sep-96,C1[C@@H]([C@H](O[C@H]1N2C=NC3=C2NC=NC[C@H]3O)CO)O
2-Acetylaminofluorene,cancer,53-96-3,1-Jul-87,CC(=O)NC1=CC2=C(C=C1)C3=CC=CC=C3C2
Polygeenan,cancer,53973-98-1,1-Jan-88,
"1,2-Dimethylhydrazine",cancer,540-73-8,1-Jan-88,CNNC
Benzphetamine hydrochloride,developmental,5411-22-3,1-Apr-90,C[C@@H](CC1=CC=CC=C1)N(C)CC2=CC=CC=C2.Cl
Nicotine,developmental,54-11-5,1-Apr-90,CN1CCC[C@H]1C2=CN=CC=C2
Isobutyl nitrite,cancer,542-56-3,1-May-96,CC(C)CON=O
"1,3-Dichloropropene",cancer,542-75-6,1-Jan-89,C(C=CCl)Cl
Bis(chloromethyl)ether,cancer,542-88-1,27-Feb-87,C(OCCl)Cl
Etretinate,developmental,54350-48-0,1-Jul-87,CCOC(=O)/C=C(\C)/C=C/C=C(\C)/C=C/C1=C(C(=C(C=C1C)OC)C)C
Aminopterin,"developmental, female",54-62-6,1-Jul-87,C1=CC(=CC=C1C(=O)N[C@@H](CCC(=O)O)C(=O)O)NCC2=CN=C3C(=N2)C(=NC(=N3)N)N
Acetohydroxamic acid,developmental,546-88-3,1-Apr-90,CC(=O)NO
Chlorozotocin,cancer,54749-90-5,1-Jan-92,C(CCl)N(C(=O)N[C@@H](C=O)[C@H]([C@@H]([C@@H](CO)O)O)O)N=O
Gentian violet (Crystal violet),cancer,548-62-9,23-Nov-18,CN(C)C1=CC=C(C=C1)C(=C2C=CC(=[N+](C)C)C=C2)C3=CC=C(C=C3)N(C)C.[Cl-]
Pipobroman,developmental,54-91-1,1-Jul-90,C1CN(CCN1C(=O)CCBr)C(=O)CCBr
Tamoxifen citrate,developmental,54965-24-1,1-Jul-90,CC/C(=C(\C1=CC=CC=C1)/C2=CC=C(C=C2)OCCN(C)C)/C3=CC=CC=C3.C(C(=O)O)C(CC(=O)O)(C(=O)O)O
N-Nitrosomethyl-n-dodecylamine,cancer,55090-44-3,26-Dec-14,CCCCCCCCCCCCN(C)N=O
N-Nitrosodiethylamine,cancer,55-18-5,1-Oct-87,CCN(CC)N=O
1-Nitropyrene,cancer,5522-43-0,1-Oct-90,C1=CC2=C3C(=C1)C=CC4=C(C=CC(=C43)C=C2)[N+](=O)[O-]
Lithium carbonate,developmental,554-13-2,1-Jan-91,[Li+].[Li+].C(=O)([O-])[O-]
1-[(5-Nitrofurfurylidene)-amino]- 2-,cancer,555-84-0,1-Apr-88,C1CN(C(=O)N1)/N=C/C2=CC=C(O2)[N+](=O)[O-]
Glycidol,cancer,556-52-5,1-Jul-90,C1C(O1)CO
trans-2-[(Dimethylamino)methyl-,cancer,55738-54-0,1-Jan-88,CN(C)/C=N/C1=NN=C(O1)/C=C/C2=CC=C(O2)[N+](=O)[O-]
Nitrogen mustard hydrochloride,cancer,55-86-7,1-Apr-88,CN(CCCl)CCCl.Cl
Nitrogen mustard hydrochloride,developmental,55-86-7,1-Jul-90,CN(CCCl)CCCl.Cl
Bromochloroacetic acid,cancer,5589-96-8,6-Apr-10,C(C(=O)O)(Cl)Br
"1,4-Butanediol dimethanesulfonate",cancer,55-98-1,27-Feb-87,CS(=O)(=O)OCCCCOS(=O)(=O)C
"1,4-Butanediol dimethanesulfonate",developmental,55-98-1,1-Jan-89,CS(=O)(=O)OCCCCOS(=O)(=O)C
Methylthiouracil,cancer,56-04-2,1-Oct-89,CC1=CC(=O)NC(=S)N1
Carbon tetrachloride,cancer,56-23-5,1-Oct-87,C(Cl)(Cl)(Cl)Cl
3-Chloro-2-methylpropene,cancer,563-47-3,1-Jul-89,CC(=C)CCl
"Methyl isopropyl ketone, Delisted",developmental,563-80-4,17-Feb-12,CC(C)C(=O)C
Parathion,cancer,56-38-2,20-May-16,CCOP(=S)(OCC)OC1=CC=C(C=C1)[N+](=O)[O-]
Netilmicin sulfate,developmental,56391-57-2,1-Jul-90,CCN[C@@H]1C[C@@H]([C@H]([C@@H]([C@H]1O[C@@H]2[C@@H]([C@H]([C@@](CO2)(C)O)NC)O)O)O[C@@H]3[C@@H](CC=C(O3)CN)N)N.CCN[C@@H]1C[C@@H]([C@H]([C@@H]([C@H]1O[C@@H]2[C@@H]([C@H]([C@@](CO2)(C)O)NC)O)O)O[C@@H]3[C@@H](CC=C(O3)CN)N)N.OS(=O)(=O)O.OS(=O)(=O)O.OS(=O)(=O)O.OS(=O)(=O)O.OS(=O)(=O)O
Doxycycline (internal use),developmental,564-25-0,1-Jul-90,C[C@@H]1[C@H]2[C@@H]([C@H]3[C@@H](C(=O)C(=C([C@]3(C(=O)C2=C(C4=C1C=CC=C4O)O)O)O)C(=O)N)N(C)C)O
3-Methylcholanthrene,cancer,56-49-5,1-Jan-90,CC1=C2CCC3=C2C(=CC4=C3C=CC5=CC=CC=C54)C=C1
Diethylstilbestrol (DES),cancer,56-53-1,27-Feb-87,CC/C(=C(/CC)\C1=CC=C(C=C1)O)/C2=CC=C(C=C2)O
Diethylstilbestrol (DES),developmental,56-53-1,1-Jul-87,CC/C(=C(/CC)\C1=CC=C(C=C1)O)/C2=CC=C(C=C2)O
Benz[a]anthracene,cancer,56-55-3,1-Jul-87,C1=CC=C2C(=C1)C=CC3=CC4=CC=CC=C4C=C32
"Chloramphenicol, Delisted January",cancer,56-75-7,1-Oct-89,C1=CC(=CC=C1[C@H]([C@@H](CO)NC(=O)C(Cl)Cl)O)[N+](=O)[O-]
Chlorotrianisene,cancer,569-57-3,1-Sep-96,COC1=CC=C(C=C1)C(=C(C2=CC=C(C=C2)OC)Cl)C3=CC=C(C=C3)OC
C.I. Basic Red 9 monohydrochloride   cancer,,569-61-9,1-Jul-89,C1=CC(=N)C=CC1=C(C2=CC=C(C=C2)N)C3=CC=C(C=C3)N.Cl
Propylene glycol mono-t-butyl ether,cancer,57018-52-7,11-Jun-04,CC(COC(C)(C)C)O
Clorazepate dipotassium,developmental,57109-90-7,1-Oct-92,C1=CC=C(C=C1)C2=NC(C(=O)NC3=C2C=C(C=C3)Cl)C(=O)[O-].[OH-].[K+].[K+]
"1,1-Dimethylhydrazine (UDMH)",cancer,57-14-7,1-Oct-89,CN(C)N
Pentobarbital sodium,developmental,57-33-0,1-Jul-90,CCCC(C)C1(C(=O)NC(=NC1=O)[O-])CC.[Na+]
Diphenylhydantoin (Phenytoin),cancer,57-41-0,1-Jan-88,C1=CC=C(C=C1)C2(C(=O)NC(=O)N2)C3=CC=CC=C3
Diphenylhydantoin (Phenytoin),developmental,57-41-0,1-Jul-87,C1=CC=C(C=C1)C2(C(=O)NC(=O)N2)C3=CC=CC=C3
Meprobamate,developmental,57-53-4,1-Jan-92,CCCC(C)(COC(=O)N)COC(=O)N
beta-Propiolactone,cancer,57-57-8,1-Jan-88,C1COC1=O
Ethinylestradiol,cancer,57-63-6,1-Jan-88,C[C@]12CC[C@H]3[C@H]([C@@H]1CC[C@]2(C#C)O)CCC4=C3C=CC(=C4)O
Chlordane,cancer,57-74-9,1-Jul-88,C1C2C(C(C1Cl)Cl)C3(C(=C(C2(C3(Cl)Cl)Cl)Cl)Cl)Cl
Progesterone,cancer,57-83-0,1-Jan-88,CC(=O)[C@H]1CC[C@@H]2[C@@]1(CC[C@H]3[C@H]2CCC4=CC(=O)CC[C@]34C)C
4-Nitropyrene,cancer,57835-92-4,1-Oct-90,C1=CC2=C3C(=C1)C=C(C4=CC=CC(=C43)C=C2)[N+](=O)[O-]
Idarubicin hydrochloride,"developmental, male",57852-57-0,20-Aug-99,C[C@H]1[C@H]([C@H](C[C@@H](O1)O[C@H]2C[C@@](CC3=C2C(=C4C(=C3O)C(=O)C5=CC=CC=C5C4=O)O)(C(=O)C)O)N)O.Cl
"7,12-Dimethylbenz(a)anthracene",cancer,57-97-6,1-Jan-90,CC1=C2C=CC3=CC=CC=C3C2=C(C4=CC=CC=C14)C
Pyrimethamine,developmental,58-14-0,29-Jan-99,CCC1=C(C(=NC(=N1)N)N)C2=CC=C(C=C2)Cl
Methyltestosterone,developmental,58-18-4,1-Apr-90,C[C@]12CCC(=O)C=C1CC[C@@H]3[C@@H]2CC[C@]4([C@H]3CC[C@]4(C)O)C
Testosterone cypionate,developmental,58-20-8,1-Oct-91,C[C@]12CC[C@H]3[C@H]([C@@H]1CC[C@@H]2OC(=O)CCC4CCCC4)CCC5=CC(=O)CC[C@]35C
Testosterone and its esters,cancer,58-22-0,1-Apr-88,C[C@]12CC[C@H]3[C@H]([C@@H]1CC[C@@H]2O)CCC4=CC(=O)CC[C@]34C
Chlordiazepoxide,developmental,58-25-3,1-Jan-92,CN=C1CN(C(=C2C=C(C=CC2=N1)Cl)C3=CC=CC=C3)O
Terbacil,developmental,5902-51-2,18-May-99,CC1=C(C(=O)N(C(=O)N1)C(C)(C)C)Cl
Methotrexate,developmental,59-05-2,1-Jan-89,CN(CC1=CN=C2C(=N1)C(=NC(=N2)N)N)C3=CC=C(C=C3)C(=O)N[C@@H](CCC(=O)O)C(=O)O
Methylazoxymethanol,cancer,590-96-5,1-Apr-88,C/[N+](=N/CO)/[O-]
Misoprostol,developmental,59122-46-2,1-Apr-90,CCCCC(C)(C/C=C/[C@H]1[C@@H](CC(=O)[C@@H]1CCCCCCC(=O)OC)O)O
Methyl-n-butyl ketone,male,591-78-6,7-Aug-09,CCCCC(=O)C
Methyl-n-butyl ketone,developmental,591-78-6,4-Dec-15,CCCCC(=O)C
Methylazoxymethanol acetate,cancer,592-62-1,1-Apr-88,CC(=O)OC/N=[N+](/C)\[O-]
Vinyl bromide,cancer,593-60-2,1-Oct-88,C=CBr
Midazolam hydrochloride,developmental,59467-96-8,1-Jul-90,CC1=NC=C2N1C3=C(C=C(C=C3)Cl)C(=NC2)C4=CC=CC=C4F.Cl
Megestrol acetate,cancer,595-33-5,28-Mar-14,CC1=C[C@@H]2[C@H](CC[C@]3([C@H]2CC[C@@]3(C(=O)C)OC(=O)C)C)[C@@]4(C1=CC(=O)CC4)C
Megestrol acetate,developmental,595-33-5,1-Jan-91,CC1=C[C@@H]2[C@H](CC[C@]3([C@H]2CC[C@@]3(C(=O)C)OC(=O)C)C)[C@@]4(C1=CC(=O)CC4)C
Acetazolamide,developmental,59-66-5,20-Aug-99,CC(=O)NC1=NN=C(S1)S(=O)(=O)N
Thiodicarb,cancer,59669-26-0,20-Aug-99,C/C(=N\OC(=O)N(SN(C(=O)O/N=C(/SC)\C)C)C)/SC
Methyl carbamate,cancer,598-55-0,15-May-98,COC(=O)N
Ciclosporin (Cyclosporin A;,cancer,59865-13-3;,1-Jan-92,
Nitrofurazone,cancer,59-87-0,1-Jan-90,C1=C(OC(=C1)[N+](=O)[O-])/C=N/NC(=O)N
2-Chloropropionic acid,male,598-78-7,7-Aug-09,CC(C(=O)O)Cl
N-Nitrosomorpholine,cancer,59-89-2,1-Jan-88,C1COCCN1N=O
Levodopa,developmental,59-92-7,29-Jan-99,C1=CC(=C(C=C1C[C@@H](C(=O)O)N)O)O
Phenoxybenzamine,cancer,59-96-1,1-Apr-88,CC(COC1=CC=CC=C1)N(CCCl)CC2=CC=CC=C2
Sulfasalazine,cancer,599-79-1,15-May-98,C1=CC=NC(=C1)NS(=O)(=O)C2=CC=C(C=C2)N=NC3=CC(=C(C=C3)O)C(=O)O
Sulfasalazine,male,599-79-1,29-Jan-99,C1=CC=NC(=C1)NS(=O)(=O)C2=CC=C(C=C2)N=NC3=CC(=C(C=C3)O)C(=O)O
p-Aminoazobenzene,cancer,60-09-3,1-Jan-90,C1=CC=C(C=C1)N=NC2=CC=C(C=C2)N
4-Dimethylaminoazobenzene,cancer,60-11-7,1-Jan-88,CN(C)C1=CC=C(C=C1)N=NC2=CC=CC=C2
3-(N-Nitrosomethylamino)-,cancer,60153-49-3,1-Apr-90,CN(CCC#N)N=O
5-Nitroacenaphthene,cancer,602-87-9,1-Apr-88,C1CC2=CC=C(C3=CC=CC1=C23)[N+](=O)[O-]
Acetamide,cancer,60-35-5,1-Jan-90,CC(=O)N
N-Carboxymethyl-N-nitrosourea,cancer,60391-92-6,25-Jan-02,C(C(=O)O)N(C(=O)N)N=O
Oxazepam,cancer,604-75-1,1-Oct-94,C1=CC=C(C=C1)C2=NC(C(=O)NC3=C2C=C(C=C3)Cl)O
Oxazepam,developmental,604-75-1,1-Oct-92,C1=CC=C(C=C1)C2=NC(C(=O)NC3=C2C=C(C=C3)Cl)O
Tetracycline (internal use),developmental,60-54-8,1-Oct-91,C[C@@]1([C@H]2C[C@H]3[C@@H](C(=O)C(=C([C@]3(C(=O)C2=C(C4=C1C=CC=C4O)O)O)O)C(=O)N)N(C)C)O
Cyclophosphamide (hydrated),cancer,6055-19-2,27-Feb-87,C1CNP(=O)(OC1)N(CCCl)CCCl.O
Cyclophosphamide (hydrated),"developmental, female,",6055-19-2,1-Jan-89,C1CNP(=O)(OC1)N(CCCl)CCCl.O
Methimazole,developmental,60-56-0,1-Jul-90,CN1C=CNC1=S
Furmecyclox,cancer,60568-05-0,1-Jan-90,CC1=CC(=C(O1)C)C(=O)N(C2CCCCC2)OC
Dieldrin,cancer,60-57-1,1-Jul-88,C1[C@@H]2[C@H]3[C@@H]([C@H]1[C@H]4[C@@H]2O4)[C@]5(C(=C([C@@]3(C5(Cl)Cl)Cl)Cl)Cl)Cl
"2,6-Dinitrotoluene",cancer,606-20-2,1-Jul-95,CC1=C(C=CC=C1[N+](=O)[O-])[N+](=O)[O-]
"2,6-Dinitrotoluene",male,606-20-2,20-Aug-99,CC1=C(C=CC=C1[N+](=O)[O-])[N+](=O)[O-]
2-Nitrofluorene,cancer,607-57-8,1-Oct-90,C1C2=CC=CC=C2C3=C1C=C(C=C3)[N+](=O)[O-]
3-Amino-9-ethylcarbazole,cancer,6109-97-3,1-Jul-89,CCN1C2=C(C=C(C=C2)N)C3=CC=CC=C31.Cl
"2,4-Dichloro-1-nitrobenzene",cancer,611-06-3,13-Sep-19,C1=CC(=C(C=C1Cl)Cl)[N+](=O)[O-]
Mercaptopurine,developmental,6112-76-1,1-Jul-90,C1=NC2=C(N1)C(=S)N=CN2.O
"3,3’-Dimethylbenzidine",cancer,612-82-8,1-Apr-92,CC1=C(C=CC(=C1)C2=CC(=C(C=C2)N)C)N.Cl.Cl
"3,3’-Dichlorobenzidine",cancer,612-83-9,15-May-98,C1=CC(=C(C=C1C2=CC(=C(C=C2)N)Cl)Cl)N.Cl.Cl
"N,N’-Diacetylbenzidine",cancer,613-35-4,1-Oct-89,CC(=O)NC1=CC=C(C=C1)C2=CC=C(C=C2)NC(=O)C
"2,4-Diaminoanisole",cancer,615-05-4,1-Oct-90,COC1=C(C=C(C=C1)N)N
N-Nitroso-N-methylurethane,cancer,615-53-2,1-Apr-88,CCOC(=O)N(C)N=O
Niridazole,cancer,61-57-4,1-Apr-88,C1CN(C(=O)N1)C2=NC=C(S2)[N+](=O)[O-]
Chlordimeform,cancer,6164-98-3,1-Jan-89,CC1=C(C=CC(=C1)Cl)N=CN(C)C
Amitrole,cancer,61-82-5,1-Jul-87,C1=NNC(=N1)N
Dihydroergotamine mesylate,developmental,6190-39-2,1-May-97,C[C@@]1(C(=O)N2[C@H](C(=O)N3CCC[C@H]3[C@@]2(O1)O)CC4=CC=CC=C4)NC(=O)[C@@H]5C[C@H]6[C@@H](CC7=CNC8=CC=CC6=C78)N(C5)C.CS(=O)(=O)O
Des-ethyl atrazine (DEA),"developmental, female",6190-65-4,15-Jul-16,CC(C)NC1=NC(=NC(=N1)N)Cl
N-Nitrosodi-n-propylamine,cancer,621-64-7,1-Jan-88,CCCN(CCC)N=O
Phenacetin,cancer,62-44-2,1-Oct-89,CCOC1=CC=C(C=C1)NC(=O)C
Trp-P-1 (Tryptophan-P-1),cancer,62450-06-0,1-Apr-88,CC1=C2C(=C(N=C1N)C)C3=CC=CC=C3N2
Trp-P-2 (Tryptophan-P-2),cancer,62450-07-1,1-Apr-88,CC1=C2C3=CC=CC=C3NC2=CC(=N1)N
Acifluorfen sodium,cancer,62476-59-9,1-Jan-90,C1=CC(=C(C=C1C(F)(F)F)Cl)OC2=CC(=C(C=C2)[N+](=O)[O-])C(=O)[O-].[Na+]
Methyl isocyanate (MIC),"developmental, female",624-83-9,12-Nov-10,CN=C=O
Ethyl methanesulfonate,cancer,62-50-0,1-Jan-88,CCOS(=O)(=O)C
Aniline,cancer,62-53-3,1-Jan-90,C1=CC=C(C=C1)N
Thioacetamide,cancer,62-55-5,1-Jan-88,CC(=S)N
Thiourea,cancer,62-56-6,1-Jan-88,C(=S)(N)N
DDVP (Dichlorvos),cancer,62-73-7,1-Jan-89,COP(=O)(OC)OC=C(Cl)Cl
Sodium fluoroacetate,male,62-74-8,6-Nov-98,C(C(=O)[O-])F.[Na+]
N-Nitrosodimethylamine,cancer,62-75-9,1-Oct-87,CN(C)N=O
Carbon monoxide,developmental,630-08-0,1-Jul-89,[C-]#[O+]
"1,1,1,2-Tetrachloroethane",cancer,630-20-6,13-Sep-13,C(C(Cl)(Cl)Cl)Cl
Androstenedione,cancer,63-05-8,3-May-11,C[C@]12CCC(=O)C=C1CC[C@@H]3[C@@H]2CC[C@]4([C@H]3CCC4=O)C
"Diphenylhydantoin (Phenytoin),",cancer,630-93-3,1-Jan-88,C1=CC=C(C=C1)C2(C(=O)[N-]C(=O)N2)C3=CC=CC=C3.[Na+]
Dibromoacetic acid,cancer,631-64-1,17-Jun-08,C(C(=O)O)(Br)Br
Carbaryl,cancer,63-25-2,5-Feb-10,CNC(=O)OC1=CC=CC2=CC=CC=C21
Carbaryl,"developmental, female,",63-25-2,7-Aug-09,CNC(=O)OC1=CC=CC2=CC=CC=C21
Citrus Red No. 2,cancer,6358-53-8,1-Oct-89,COC1=CC(=C(C=C1)OC)N=NC2=C(C=CC3=CC=CC=C32)O
/Ethinyl estradiol,,63-6,,
o-Toluidine hydrochloride,cancer,636-21-5,1-Jan-88,CC1=CC=CC=C1N.Cl
Clofibrate,cancer,637-07-0,1-Sep-96,CCOC(=O)C(C)(C)OC1=CC=C(C=C1)Cl
"Ethyl-tert-butyl ether, Delisted",male,637-92-3,18-Dec-09,CCOC(C)(C)C
Phenylphosphine,developmental male,638-21-1,7-Aug-09,C1=CC=C(C=C1)P
Phenoxybenzamine hydrochloride,cancer,63-92-3,1-Apr-88,CC(COC1=CC=CC=C1)N(CCCl)CC2=CC=CC=C2.Cl
Phenacemide,developmental,63-98-9,1-Jul-90,C1=CC=C(C=C1)CC(=O)NC(=O)N
4-(N-Nitrosomethylamino)-1-(3-,cancer,64091-91-4,1-Apr-90,CN(CCCC(=O)C1=CN=CC=C1)N=O
Altretamine,"developmental, male",645-05-6,20-Aug-99,CN(C)C1=NC(=NC(=N1)N(C)C)N(C)C
C.I. Acid Red 114,cancer,6459-94-5,1-Jul-92,CC1=CC=C(C=C1)S(=O)(=O)OC2=CC=C(C=C2)N=NC3=C(C=C(C=C3)C4=CC(=C(C=C4)N=NC5=C(C=CC6=CC(=CC(=C65)S(=O)(=O)[O-])S(=O)(=O)[O-])O)C)C.[Na+].[Na+]
Diethyl sulfate,cancer,64-67-5,1-Jan-88,CCOS(=O)(=O)OCC
Demeclocycline hydrochloride,developmental,64-73-3,1-Jan-92,CN(C)[C@H]1[C@@H]2C[C@@H]3[C@@H](C4=C(C=CC(=C4C(=C3C(=O)[C@@]2(C(=C(C1=O)C(=O)N)O)O)O)O)Cl)O.Cl
Tetracycline hydrochloride (internal,developmental,64-75-5,1-Jan-91,C[C@@]1([C@H]2C[C@H]3[C@@H](C(=O)C(=C([C@]3(C(=O)C2=C(C4=C1C=CC=C4O)O)O)O)C(=O)N)N(C)C)O.Cl
Colchicine,"developmental, male",64-86-8,1-Oct-92,CC(=O)N[C@H]1CCC2=CC(=C(C(=C2C3=CC=C(C(=O)C=C13)OC)OC)OC)OC
"Chlorsulfuron,  Delisted June 6,","developmental, female,",64902-72-3,14-May-99,CC1=NC(=NC(=N1)OC)NC(=O)NS(=O)(=O)C2=CC=CC=C2Cl
Norgestrel,developmental,6533-00-2,1-Apr-90,CC[C@]12CC[C@H]3[C@H]([C@@H]1CC[C@]2(C#C)O)CCC4=CC(=O)CC[C@H]34
Goserelin acetate,"developmental, female,",65807-02-5,26-Aug-97,CC(C)C[C@@H](C(=O)N[C@@H](CCCN=C(N)N)C(=O)N1CCC[C@H]1C(=O)NNC(=O)N)NC(=O)[C@@H](COC(C)(C)C)NC(=O)[C@H](CC2=CC=C(C=C2)O)NC(=O)[C@H](CO)NC(=O)[C@H](CC3=CNC4=CC=CC=C43)NC(=O)[C@H](CC5=CN=CN5)NC(=O)[C@@H]6CCC(=O)N6
Nimodipine,developmental,66085-59-4,24-Apr-01,CC1=C(C(C(=C(N1)C)C(=O)OC(C)C)C2=CC(=CC=C2)[N+](=O)[O-])C(=O)OCCOC
Methyl methanesulfonate,cancer,66-27-3,1-Apr-88,COS(=O)(=O)C
Fenoxaprop ethyl,developmental,66441-23-4,26-Mar-99,CCOC(=O)C(C)OC1=CC=C(C=C1)OC2=NC3=C(O2)C=C(C=C3)Cl
Amantadine hydrochloride,developmental,665-66-7,27-Feb-01,C1C2CC3CC1CC(C2)(C3)N.Cl
Uracil mustard,cancer,66-75-1,1-Apr-88,C1=C(C(=O)NC(=O)N1)N(CCCl)CCCl
Uracil mustard,"developmental, female,",66-75-1,1-Jan-92,C1=C(C(=O)NC(=O)N1)N(CCCl)CCCl
Dicumarol,developmental,66-76-2,1-Oct-92,C1=CC=C2C(=C1)C(=C(C(=O)O2)CC3=C(C4=CC=CC=C4OC3=O)O)O
Cycloheximide,developmental,66-81-9,1-Jan-89,C[C@H]1C[C@@H](C(=O)[C@@H](C1)[C@@H](CC2CC(=O)NC(=O)C2)O)C
Halobetasol propionate,developmental,66852-54-8,20-Aug-99,CCC(=O)O[C@@]1([C@H](C[C@@H]2[C@@]1(C[C@@H]([C@]3([C@H]2C[C@@H](C4=CC(=O)C=C[C@@]43C)F)F)O)C)C)C(=O)CCl
Procarbazine,cancer,671-16-9,1-Jan-88,CC(C)NC(=O)C1=CC=C(C=C1)CNNC
Nitrofurantoin,male,67-20-9,1-Apr-91,C1C(=O)NC(=O)N1/N=C/C2=CC=C(O2)[N+](=O)[O-]
Furazolidone,cancer,67-45-8,1-Jan-90,C1COC(=O)N1/N=C/C2=CC=C(O2)[N+](=O)[O-]
Hydramethylnon,"developmental, male",67485-29-4,5-Mar-99,CC1(CN=C(NC1)NN=C(/C=C/C2=CC=C(C=C2)C(F)(F)F)/C=C/C3=CC=C(C=C3)C(F)(F)F)C
Methanol,developmental,67-56-1,16-Mar-12,CO
Chloroform,cancer,67-66-3,1-Oct-87,C(Cl)(Cl)Cl
Chloroform,developmental,67-66-3,7-Aug-09,C(Cl)(Cl)Cl
Hexachloroethane,cancer,67-72-1,1-Jul-90,C(C(Cl)(Cl)Cl)(Cl)(Cl)Cl
"Glu-P-2 (2-Aminodipyrido [1,2-",cancer,67730-10-3,1-Jan-90,C1=CC2=NC3=C(N2C=C1)N=C(C=C3)N
Glu-P-1 (2-Amino-6-methyldipyrido,cancer,67730-11-4,1-Jan-90,CC1=CC=CN2C1=NC3=C2N=C(C=C3)N
Me-A-alpha-C (2-Amino-3-methyl-,cancer,68006-83-7,1-Jan-90,CC1=CC2=C(NC3=CC=CC=C32)N=C1N
Hexamethylphosphoramide,cancer,680-31-9,1-Jan-88,CN(C)P(=O)(N(C)C)N(C)C
Hexamethylphosphoramide,male,680-31-9,1-Oct-94,CN(C)P(=O)(N(C)C)N(C)C
N-Nitrosomethyl-n-undecylamine,cancer,68107-26-6,26-Dec-14,CCCCCCCCCCCN(C)N=O
"N,N-Dimethylformamide",cancer,68-12-2,27-Oct-17,CN(C)C=O
CMNP (pyrazachlor),cancer,6814-58-0,25-Aug-15,CC1=C(C(=NN1)Cl)[N+](=O)[O-]
Norethisterone (Norethindrone),cancer,68-22-4,1-Oct-89,C[C@]12CC[C@H]3[C@H]([C@@H]1CC[C@]2(C#C)O)CCC4=CC(=O)CC[C@H]34
Norethisterone (Norethindrone),developmental,68-22-4,1-Apr-90,C[C@]12CC[C@H]3[C@H]([C@@H]1CC[C@]2(C#C)O)CCC4=CC(=O)CC[C@H]34
Norethisterone (Norethindrone),developmental,68-22-4 / 57-,1-Apr-90,
Norethisterone(Norethindrone)/,developmental,68-22-4 / 72-,1-Apr-90,
Norethynodrel,cancer,68-23-5,27-Feb-01,C[C@]12CC[C@H]3[C@H]([C@@H]1CC[C@]2(C#C)O)CCC4=C3CCC(=O)C4
Shale-oils,cancer,68308-34-9,1-Apr-90,
Hexafluoroacetone,"developmental, male",684-16-2,1-Aug-08,C(=O)(C(F)(F)F)C(F)(F)F
N-Nitroso-N-methylurea,cancer,684-93-5,1-Oct-87,CN(C(=O)N)N=O
Di-isodecyl phthalate (DIDP),developmental,68515-49-,20-Apr-07,
Tris(aziridinyl)-p-benzoquinone,cancer,68-76-8,1-Oct-89,C1CN1C2=CC(=O)C(=C(C2=O)N3CC3)N4CC4
2-Methylimidazole,cancer,693-98-1,22-Jun-12,CC1=NC=CN1
Fluvalinate,developmental,69409-94-5,6-Nov-98,CC(C)C(C(=O)OC(C#N)C1=CC(=CC=C1)OC2=CC=CC=C2)NC3=C(C=C(C=C3)C(F)(F)F)Cl
Fluazifop butyl,developmental,69806-50-4,6-Nov-98,CCCCOC(=O)C(C)OC1=CC=C(C=C1)OC2=NC=C(C=C2)C(F)(F)F
N-Methyl-N'-nitro-N-,cancer,70-25-7,1-Apr-88,CN(C(=N)N[N+](=O)[O-])N=O
Mitoxantrone hydrochloride,cancer,70476-82-3,23-Jan-15,C1=CC(=C2C(=C1NCCNCCO)C(=O)C3=C(C=CC(=C3C2=O)O)O)NCCNCCO.Cl.Cl
Mitoxantrone hydrochloride,developmental,70476-82-3,1-Jul-90,C1=CC(=C2C(=C1NCCNCCO)C(=O)C3=C(C=CC(=C3C2=O)O)O)NCCNCCO.Cl.Cl
N-Nitrosomethyl-n-butylamine,cancer,7068-83-9,26-Dec-14,CCCCN(C)N=O
Bromodichloroacetic acid,cancer,71133-14-7,29-Jul-16,C(=O)(C(Cl)(Cl)Br)O
"2-Amino-5-(5-nitro-2-furyl)-1,3,4-",cancer,712-68-5,1-Jul-87,C1=C(OC(=C1)[N+](=O)[O-])C2=NN=C(S2)N
Benzene,cancer,71-43-2,27-Feb-87,C1=CC=CC=C1
Benzene,"developmental, male",71-43-2,26-Dec-97,C1=CC=CC=C1
MON 4660 (dichloroacetyl-1- oxa-4-,cancer,71526-07-3,22-Mar-11,C1CCC2(CC1)N(CCO2)C(=O)C(Cl)Cl
"1,1,1-Trichloroethane",cancer,71-55-6,21-Apr-23,CC(Cl)(Cl)Cl
Medroxyprogesterone acetate,cancer,71-58-9,1-Jan-90,C[C@H]1C[C@@H]2[C@H](CC[C@]3([C@H]2CC[C@@]3(C(=O)C)OC(=O)C)C)[C@@]4(C1=CC(=O)CC4)C
Medroxyprogesterone acetate,developmental,71-58-9,1-Apr-90,C[C@H]1C[C@@H]2[C@H](CC[C@]3([C@H]2CC[C@@]3(C(=O)C)OC(=O)C)C)[C@@]4(C1=CC(=O)CC4)C
Avermectin B1 (Abamectin),developmental,71751-41-2,3-Dec-10,
Endrin,developmental,72-20-8,15-May-98,C1[C@@H]2[C@@H]3[C@H]([C@H]1[C@H]4[C@@H]2O4)[C@@]5(C(=C([C@]3(C5(Cl)Cl)Cl)Cl)Cl)Cl
Mestranol,cancer,72-33-3,1-Apr-88,C[C@]12CC[C@H]3[C@H]([C@@H]1CC[C@]2(C#C)O)CCC4=C3C=CC(=C4)OC
Fenoxycarb,cancer,72490-01-8,2-Jun-00,CCOC(=O)NCCOC1=CC=C(C=C1)OC2=CC=CC=C2
DDD (Dichlorodiphenyl-,cancer,72-54-8,1-Jan-89,C1=CC(=CC=C1C(C2=CC=C(C=C2)Cl)C(Cl)Cl)Cl
DDE (Dichlorodi-,cancer,72-55-9,1-Jan-89,C1=CC(=CC=C1C(=C(Cl)Cl)C2=CC=C(C=C2)Cl)Cl
"1,1-Dichloro-2,2-bis(p-","developmental, male",72-55-9,30-Mar-10,C1=CC(=CC=C1C(=C(Cl)Cl)C2=CC=C(C=C2)Cl)Cl
Trypan blue (commercial grade),cancer,72-57-1,1-Oct-89,CC1=C(C=CC(=C1)C2=CC(=C(C=C2)N=NC3=C(C4=C(C=C(C=C4C=C3S(=O)(=O)[O-])S(=O)(=O)[O-])N)O)C)N=NC5=C(C6=C(C=C(C=C6C=C5S(=O)(=O)[O-])S(=O)(=O)[O-])N)O.[Na+].[Na+].[Na+].[Na+]
Estropipate,"cancer, developmental",7280-37-7,26-Aug-97,C[C@]12CC[C@H]3[C@H]([C@@H]1CCC2=O)CCC4=C3C=CC(=C4)OS(=O)(=O)O.C1CNCCN1
Leuprolide acetate,"developmental, female,",74381-53-6,26-Aug-97,CCNC(=O)[C@@H]1CCCN1C(=O)[C@H](CCCN=C(N)N)NC(=O)[C@H](CC(C)C)NC(=O)[C@@H](CC(C)C)NC(=O)[C@H](CC2=CC=C(C=C2)O)NC(=O)[C@H](CO)NC(=O)[C@H](CC3=CNC4=CC=CC=C43)NC(=O)[C@H](CC5=CN=CN5)NC(=O)[C@@H]6CCC(=O)N6.CC(=O)O
Nickel (Metallic),cancer,7440-02-0,1-Oct-89,[Ni]
Cobalt metal powder,cancer,7440-48-4,1-Jul-92,[Co]
Lead phosphate,cancer,7446-27-7,1-Apr-88,[O-]P(=O)([O-])[O-].[O-]P(=O)([O-])[O-].[Pb+2].[Pb+2].[Pb+2]
Selenium sulfide,cancer,7446-34-6,1-Oct-89,S=[Se]
Zalcitabine,cancer,7481-89-2,7-Aug-09,C1C[C@@H](O[C@@H]1CO)N2C=CC(=NC2=O)N
"Methyl bromide, as a structural",developmental,74-83-9,1-Jan-93,CBr
Methyl chloride,developmental,74-87-3,10-Mar-00,CCl
Methyl chloride,male,74-87-3,7-Aug-09,CCl
Methyl iodide,cancer,74-88-4,1-Apr-88,CI
Bromoethane,cancer,74-96-4,22-Dec-00,CCBr
Chloroethane (Ethyl chloride),cancer,75-00-3,1-Jul-90,CCCl
Vinyl chloride,cancer,75-01-4,27-Feb-87,C=CCl
Vinyl fluoride,cancer,75-02-5,1-May-97,C=CF
Acetaldehyde,cancer,75-07-0,1-Apr-88,CC=O
Dichloromethane (Methylene,cancer,75-09-2,1-Apr-88,C(Cl)Cl
Carbon disulfide,"developmental, female,",75-15-0,1-Jul-89,C(=S)=S
Ethylene oxide,cancer,75-21-8,1-Jul-87,C1CO1
Ethylene oxide,female,75-21-8,27-Feb-87,C1CO1
Ethylene oxide,"developmental, male",75-21-8,7-Aug-09,C1CO1
Bromoform,cancer,75-25-2,1-Apr-91,C(Br)(Br)Br
2-Bromopropane (2-BP),cancer,75-26-3,11-Aug-23,CC(C)Br
2-Bromopropane (2-BP),"female, male",75-26-3,31-May-05,CC(C)Br
Bromodichloromethane,cancer,75-27-4,1-Jan-90,C(Cl)(Cl)Br
"1,3-Dinitropyrene",cancer,75321-20-9,2-Nov-12,C1=CC2=C3C(=C1)C=CC4=C(C=C(C(=C43)C=C2)[N+](=O)[O-])[N+](=O)[O-]
Lovastatin,developmental,75330-75-5,1-Oct-92,CC[C@H](C)C(=O)O[C@H]1C[C@H](C=C2[C@H]1[C@H]([C@H](C=C2)C)CC[C@@H]3C[C@H](CC(=O)O3)O)C
"1,1-Dichloroethane",cancer,75-34-3,1-Jan-90,CC(Cl)Cl
"Vinylidene chloride (1,1-",cancer,75-35-4,29-Dec-17,C=C(Cl)Cl
Nitromethane,cancer,75-52-5,1-May-97,C[N+](=O)[O-]
2-Methylaziridine (Propyleneimine),cancer,75-55-8,1-Jan-88,CC1CN1
Propylene oxide,cancer,75-56-9,1-Oct-88,CC1CO1
Cacodylic acid,cancer,75-60-5,1-May-96,C[As](=O)(C)O
Chloral,cancer,75-87-6,13-Sep-13,C(=O)C(Cl)(Cl)Cl
N-Nitrosomethyl-n-nonylamine,cancer,75881-19-5,26-Dec-14,CCCCCCCCCN(C)N=O
N-Nitrosomethyl-n-tetradecylamine,cancer,75881-20-8,26-Dec-14,CCCCCCCCCCCCCCN(C)N=O
N-Nitrosomethyl-n-decylamine,cancer,75881-22-0,26-Dec-14,CCCCCCCCCCN(C)N=O
N-Nitroso-N-ethylurea,cancer,759-73-9,1-Oct-87,CCN(C(=O)N)N=O
Ethyl dipropylthiocarbamate,developmental,759-94-4,27-Apr-99,CCCN(CCC)C(=O)SCC
Trichloroacetic acid,cancer,76-03-9,13-Sep-13,C(=O)(C(Cl)(Cl)Cl)O
"IQ (2-Amino-3-methylimidazo [4,5-f]",cancer,76180-96-6,1-Apr-90,CN1C2=C(C3=C(C=C2)N=CC=C3)N=C1N
Fluoxymesterone,developmental,76-43-7,1-Apr-90,C[C@]12CCC(=O)C=C1CC[C@@H]3[C@@]2([C@H](C[C@]4([C@H]3CC[C@]4(C)O)C)O)F
"1,4-Dichloro-2-butene",cancer,764-41-0,1-Jan-90,C(/C=C/CCl)Cl
Heptachlor,cancer,76-44-8,1-Jul-88,C1=CC(C2C1C3(C(=C(C2(C3(Cl)Cl)Cl)Cl)Cl)Cl)Cl
Heptachlor,developmental,76-44-8,20-Aug-99,C1=CC(C2C1C3(C(=C(C2(C3(Cl)Cl)Cl)Cl)Cl)Cl)Cl
Glycidaldehyde,cancer,765-34-4,1-Jan-88,C1C(O1)C=O
Quizalofop-ethyl,male,76578-14-8,24-Dec-99,CCOC(=O)C(C)OC1=CC=C(C=C1)OC2=CN=C3C=C(C=CC3=N2)Cl
Triphenyltin hydroxide,cancer,76-87-9,1-Jul-92,C1=CC=C(C=C1)[Sn](C2=CC=CC=C2)C3=CC=CC=C3.O
Triphenyltin hydroxide,developmental,76-87-9,18-Mar-02,C1=CC=C(C=C1)[Sn](C2=CC=CC=C2)C3=CC=CC=C3.O
"MeIQ (2-Amino-3,4-dimethyl-",cancer,77094-11-2,1-Oct-94,CC1=CC2=C(C=CC=N2)C3=C1N(C(=N3)N)C
Phenolphthalein,cancer,77-09-8,15-May-98,C1=CC=C2C(=C1)C(=O)OC2(C3=CC=C(C=C3)O)C4=CC=C(C=C4)O
MX (3-chloro-4-(dichloromethyl)   5-,cancer,77439-76-0,22-Dec-00,C1(C(=C(C(=O)O1)Cl)C(Cl)Cl)O
"MeIQx (2-Amino-3,8-dimethyl-",cancer,77500-04-0,1-Oct-94,CC1=CN=C2C=CC3=C(C2=N1)N=C(N3C)N
Lactofen,cancer,77501-63-4,1-Jan-89,CCOC(=O)C(C)OC(=O)C1=C(C=CC(=C1)OC2=C(C=C(C=C2)C(F)(F)F)Cl)[N+](=O)[O-]
Dimethyl sulfate,cancer,77-78-1,1-Jan-88,COS(=O)(=O)OC
"S,S,S-Tributyl phosphorotrithioate",cancer,78-48-8,25-Feb-11,CCCCSP(=O)(SCCCC)SCCCC
Isoprene,cancer,78-79-5,1-May-96,CC(=C)C=C
"1,2-Dichloropropane",cancer,78-87-5,1-Jan-90,CC(CCl)Cl
"o,p’-DDT","developmental, female,",789-02-6,15-May-98,C1=CC=C(C(=C1)C(C2=CC=C(C=C2)Cl)C(Cl)(Cl)Cl)Cl
"Vinyl trichloride (1,1,2-",cancer,79-00-5,1-Oct-90,C(C(Cl)Cl)Cl
Trichloroethylene,cancer,79-01-6,1-Apr-88,C(=C(Cl)Cl)Cl
Trichloroethylene,"developmental, male",79-01-6,31-Jan-14,C(=C(Cl)Cl)Cl
Acrylamide,cancer,79-06-1,1-Jan-90,C=CC(=O)N
Acrylamide,"developmental, male",79-06-1,25-Feb-11,C=CC(=O)N
Cyclosporine),,79217-60-0,,CCC1C(=O)N(CC(=O)N(C(C(=O)NC(C(=O)N(C(C(=O)NC(C(=O)NC(C(=O)N(C(C(=O)N(C(C(=O)N(C(C(=O)N(C(C(=O)N1)[C@@H]([C@H](C)C/C=C/C)O)C)C(C)C)C)CC(C)C)C)CC(C)C)C)C)C)CC(C)C)C)C(C)C)CC(C)C)C)C
"1,1,2,2-Tetrachloroethane",cancer,79-34-5,1-Jul-90,C(C(Cl)Cl)(Cl)Cl
Dichloroacetic acid,cancer,79-43-6,1-May-96,C(C(=O)O)(Cl)Cl
Dichloroacetic acid,"developmental, male",79-43-6,7-Aug-09,C(C(=O)O)(Cl)Cl
Dimethylcarbamoyl chloride,cancer,79-44-7,1-Jan-88,CN(C)C(=O)Cl
2-Nitropropane,cancer,79-46-9,1-Jan-88,CC(C)[N+](=O)[O-]
Panfuran S,cancer,794-93-4,1-Jan-88,C1=C(OC(=C1)[N+](=O)[O-])/C=C/C2=CN=C(N=N2)N(CO)CO
Oxytetracycline (internal use),developmental,79-57-2,1-Jan-91,C[C@@]1([C@H]2[C@@H]([C@H]3[C@@H](C(=O)C(=C([C@]3(C(=O)C2=C(C4=C1C=CC=C4O)O)O)O)C(=O)N)N(C)C)O)O
Fusarin C,cancer,79748-81-5,1-Jul-95,C/C=C(\C=C(/C)\C=C(/C)\C=C\C=C(/C)\C(=O)[C@@]12[C@@H](O1)[C@](NC2=O)(CCO)O)/C(=O)OC
Levonorgestrel implants,female,797-63-7,15-May-98,CC[C@]12CC[C@H]3[C@H]([C@@H]1CC[C@]2(C#C)O)CCC4=CC(=O)CC[C@H]34
Tetrabromobisphenol A,cancer,79-94-7,27-Oct-17,CC(C)(C1=CC(=C(C(=C1)Br)O)Br)C2=CC(=C(C(=C2)Br)O)Br
,,8/66733-21-9,,
Toxaphene (Polychlorinated,cancer,8001-35-2,1-Jan-88,
Bisphenol A (BPA),female,80-05-7,11-May-15,CC(C)(C1=CC=C(C=C1)O)C2=CC=C(C=C2)O
Bisphenol A (BPA),developmental,80-05-7,18-Dec-20,CC(C)(C1=CC=C(C=C1)O)C2=CC=C(C=C2)O
Fluticasone propionate,developmental,80474-14-2,15-May-98,CCC(=O)O[C@@]1([C@@H](C[C@@H]2[C@@]1(C[C@@H]([C@]3([C@H]2C[C@@H](C4=CC(=O)C=C[C@@]43C)F)F)O)C)C)C(=O)SCF
"p,p’-Oxybis(benzenesulfonyl",developmental,80-51-3,7-Aug-09,C1=CC(=CC=C1OC2=CC=C(C=C2)S(=O)(=O)NN)S(=O)(=O)NN
Clarithromycin,developmental,81103-11-9,1-May-97,CC[C@@H]1[C@@]([C@@H]([C@H](C(=O)[C@@H](C[C@@]([C@@H]([C@H]([C@@H]([C@H](C(=O)O1)C)O[C@H]2C[C@@]([C@H]([C@@H](O2)C)O)(C)OC)C)O[C@H]3[C@@H]([C@H](C[C@H](O3)C)N(C)C)O)(C)OC)C)C)O)(C)O
Pravastatin sodium,developmental,81131-70-6,3-Mar-00,CC[C@H](C)C(=O)O[C@H]1C[C@@H](C=C2[C@H]1[C@H]([C@H](C=C2)C)CC[C@H](C[C@H](CC(=O)[O-])O)O)O.[Na+]
"1-Amino-2,4-dibromo-",cancer,81-49-2,26-Aug-97,C1=CC=C2C(=C1)C(=O)C3=C(C2=O)C(=C(C=C3Br)Br)N
Trichlormethine (Trimustine,cancer,817-09-4,1-Jan-92,C(CCl)N(CCCl)CCCl.Cl
Warfarin,developmental,81-81-2,1-Jul-87,CC(=O)CC(C1=CC=CC=C1)C2=C(C3=CC=CC=C3OC2=O)O
D&C Red No. 19,cancer,81-88-9,1-Jul-90,CCN(CC)C1=CC2=C(C=C1)C(=C3C=CC(=[N+](CC)CC)C=C3O2)C4=CC=CC=C4C(=O)O.[Cl-]
4-Methylimidazole,cancer,822-36-6,7-Jan-11,CC1=CN=CN1
1-Amino-2-methylanthraquinone,cancer,82-28-0,1-Oct-89,CC1=C(C2=C(C=C1)C(=O)C3=CC=CC=C3C2=O)N
Ganciclovir,"cancer, developmental,",82410-32-0,26-Aug-97,C1=NC2=C(N1COC(CO)CO)N=C(NC2=O)N
Trimetrexate glucoronate,developmental,82952-64-5,26-Aug-97,CC1=C(C=CC2=C1C(=NC(=N2)N)N)CNC3=CC(=C(C(=C3)OC)OC)OC.C(=O)[C@@H]([C@H]([C@@H]([C@@H](C(=O)O)O)O)O)O
"4,4'-Methylene bis(2-methylaniline)",cancer,838-88-0,1-Apr-88,CC1=C(C=CC(=C1)CC2=CC(=C(C=C2)N)C)N
"Dienestrol, Delisted January 4, 2013",cancer,84-17-3,1-Jan-90,C/C=C(/C(=C/C)/C1=CC=C(C=C1)O)\C2=CC=C(C=C2)O
C.I. Solvent Yellow 14,cancer,842-07-9,15-May-98,C1=CC=C(C=C1)N=NC2=C(C=CC3=CC=CC=C32)O
Lorazepam,developmental,846-49-1,1-Jul-90,C1=CC=C(C(=C1)C2=NC(C(=O)NC3=C2C=C(C=C3)Cl)O)Cl
Temazepam,developmental,846-50-4,1-Apr-90,CN1C2=C(C=C(C=C2)Cl)C(=NC(C1=O)O)C3=CC=CC=C3
Anthraquinone,cancer,84-65-1,28-Sep-07,C1=CC=C2C(=C1)C(=O)C3=CC=CC=C3C2=O
Di-n-butyl phthalate (DBP),"developmental, female,",84-74-2,2-Dec-05,CCCCOC(=O)C1=CC=CC=C1C(=O)OCCCC
Di-n-hexyl phthalate (DnHP),"female, male",84-75-3,2-Dec-05,CCCCCCOC(=O)C1=CC=CC=C1C(=O)OCCCCCC
Butyl benzyl phthalate (BBP),developmental,85-68-7,2-Dec-05,CCCCOC(=O)C1=CC=CC=C1C(=O)OCC2=CC=CC=C2
Nafarelin acetate,developmental,86220-42-0,1-Apr-90,CC(C)C[C@@H](C(=O)N[C@@H](CCCN=C(N)N)C(=O)N1CCC[C@H]1C(=O)NCC(=O)N)NC(=O)[C@@H](CC2=CC3=CC=CC=C3C=C2)NC(=O)[C@H](CC4=CC=C(C=C4)O)NC(=O)[C@H](CO)NC(=O)[C@H](CC5=CNC6=CC=CC=C65)NC(=O)[C@H](CC7=CN=CN7)NC(=O)[C@@H]8CCC(=O)N8.CC(=O)O.O
N-Nitrosodiphenylamine,cancer,86-30-6,1-Apr-88,C1=CC=C(C=C1)N(C2=CC=CC=C2)N=O
Carbazole,cancer,86-74-8,1-May-96,C1=CC=C2C(=C1)C3=CC=CC=C3N2
Dimethyl hydrogen phosphite,cancer,868-85-9,11-Aug-23,CO[P+](=O)OC
N-Methylpyrrolidone,developmental,872-50-4,15-Jun-01,CN1CCCC1=O
Cinnamyl anthranilate,cancer,87-29-6,1-Jul-89,C1=CC=C(C=C1)/C=C/COC(=O)C2=CC=CC=C2N
Sedaxane,cancer,874967-67-6,1-Jul-16,CN1C=C(C(=N1)C(F)F)C(=O)NC2=CC=CC=C2C3CC3C4CC4
"2,6-Xylidine (2,6-Dimethylaniline)",cancer,87-62-7,1-Jan-91,CC1=C(C(=CC=C1)C)N
Hexachlorobutadiene,cancer,87-68-3,3-May-11,C(=C(Cl)Cl)(C(=C(Cl)Cl)Cl)Cl
Pentachlorophenol,cancer,87-86-5,1-Jan-90,C1(=C(C(=C(C(=C1Cl)Cl)Cl)Cl)Cl)O
Vismodegib,"developmental, female,",879085-55-9,27-Jan-17,CS(=O)(=O)C1=CC(=C(C=C1)C(=O)NC2=CC(=C(C=C2)Cl)C3=CC=CC=N3)Cl
"2,4,6-Trichlorophenol",cancer,88-06-2,1-Jan-88,C1=C(C=C(C(=C1Cl)O)Cl)Cl
Isopyrazam,cancer,881685-58-1,24-Jul-12,CC(C)C1C2CCC1C3=C2C=CC=C3NC(=O)C4=CN(N=C4C(F)F)C
Myclobutanil,"developmental, male",88671-89-0,16-Apr-99,CCCCC(CN1C=NC=N1)(C#N)C2=CC=C(C=C2)Cl
o-Nitrotoluene,cancer,88-72-2,15-May-98,CC1=CC=CC=C1[N+](=O)[O-]
2-Chloronitrobenzene,cancer,88-73-3,13-Sep-19,C1=CC=C(C(=C1)[N+](=O)[O-])Cl
Dinoseb,"developmental, male",88-85-7,1-Jan-89,CCC(C)C1=C(C(=CC(=C1)[N+](=O)[O-])[N+](=O)[O-])O
"1,4-Dichloro-2-nitrobenzene",cancer,89-61-2,13-Sep-19,C1=CC(=C(C=C1Cl)[N+](=O)[O-])Cl
Pulegone,cancer,89-82-7,18-Apr-14,C[C@@H]1CCC(=C(C)C)C(=O)C1
Menotropins,developmental,9002-68-0,1-Apr-90,[V].[V].[V].[V].[V].[V].[V].[V].[V].[V].[V].[V].[V].[V].[V].[V].[V].[V].[V].[V].[V].[V].[V].[V].[V].[V].[V].[V].[V].[V].[V].[V].[V].[V].[V].[V].[V].[V].[V].[V].[V].[V].[V].[V].[V].[V].[V].[V].[V].[V].[V].[V].[V].[V].[V].[V].[V].[V].[V].[V].[V].[V].[V].[V].[V].[V].[V].[V]
o-Anisidine,cancer,90-04-0,1-Jul-87,COC1=CC=CC=C1N
Iron dextran complex,cancer,9004-66-4,1-Jan-88,OS(=O)(=O)O.[Fe]
Metiram,cancer,9006-42-2,1-Jan-90,C(CNC(=S)[S-])NC(=S)[S-].[Zn+2]
Metiram,developmental,9006-42-2,30-Mar-99,C(CNC(=S)[S-])NC(=S)[S-].[Zn+2]
o-Phenylphenol,cancer,90-43-7,4-Aug-00,C1=CC=C(C=C1)C2=CC=CC=C2O
Michler's ketone,cancer,90-94-8,1-Jan-88,CN(C)C1=CC=C(C=C1)C(=O)C2=CC=C(C=C2)N(C)C
Naphthalene,cancer,91-20-3,19-Apr-02,C1=CC=C2C=CC=CC2=C1
o-Nitroanisole,cancer,91-23-6,1-Oct-92,COC1=CC=CC=C1[N+](=O)[O-]
2-Naphthylamine,cancer,91-59-8,27-Feb-87,C1=CC=C2C=C(C=CC2=C1)N
Lithium citrate,developmental,919-16-4,1-Jan-91,[Li+].[Li+].[Li+].C(C(=O)[O-])C(CC(=O)[O-])(C(=O)[O-])O
"3,3’-Dichlorobenzidine",cancer,91-94-1,1-Oct-87,C1=CC(=C(C=C1C2=CC(=C(C=C2)N)Cl)Cl)N
N-Nitrosodi-n-butylamine,cancer,924-16-3,1-Oct-87,CCCCN(CCCC)N=O
N-Methylolacrylamide,cancer,924-42-5,1-Jul-90,C=CC(=O)NCO
N-Nitrosomethyl-n-propylamine,cancer,924-46-9,26-Dec-14,CCCN(C)N=O
4-Aminobiphenyl (4-amino-diphenyl),cancer,92-67-1,27-Feb-87,C1=CC=C(C=C1)C2=CC=C(C=C2)N
Benzidine [and its salts],cancer,92-87-5,27-Feb-87,C1=CC(=CC=C1C2=CC=C(C=C2)N)N
4-Nitrobiphenyl,cancer,92-93-3,1-Apr-88,C1=CC=C(C=C1)C2=CC=C(C=C2)[N+](=O)[O-]
N-Nitrosopyrrolidine,cancer,930-55-2,1-Oct-87,C1CCN(C1)N=O
Methyleugenol,cancer,93-15-2,16-Nov-01,COC1=C(C=C(C=C1)CC=C)OC
N-Nitrosohexamethyleneimine,cancer,932-83-2,23-Nov-18,C1CCCN(CC1)N=O
Doxycycline calcium (internal use),developmental,94088-85-4,1-Jan-92,C[C@@H]1[C@H]2[C@@H]([C@H]3[C@@H](C(=O)C(=C([C@]3(C(=O)C2=C(C4=C1C=CC=C4[O-])[O-])O)[O-])C(=O)N)N(C)C)[O-].[Ca+2].[Ca+2]
Dihydrosafrole,cancer,94-58-6,1-Jan-88,CCCC1=CC2=C(C=C1)OCO2
Phenazopyridine,cancer,94-78-0,1-Jan-88,C1=CC=C(C=C1)N=NC2=C(N=C(C=C2)N)N
"2,4-D butyric acid","developmental, male",94-82-6,18-Jun-99,C1=CC(=C(C=C1Cl)Cl)OCCCC(=O)O
Sulfallate,cancer,95-06-7,1-Jan-88,CCN(CC)C(=S)SCC(=C)Cl
o-Toluidine,cancer,95-53-4,1-Jan-88,CC1=CC=CC=C1N
o-Phenylenediamine and its salts,cancer,95-54-5,15-May-98,C1=CC=C(C(=C1)N)N
p-Chloro-o-toluidine,cancer,95-69-2,1-Jan-90,CC1=C(C=CC(=C1)Cl)N
"2,4-Diaminotoluene",cancer,95-80-7,1-Jan-88,CC1=C(C=C(C=C1)N)N
4-Chloro-o-phenylenediamine,cancer,95-83-0,1-Jan-88,C1=CC(=C(C=C1Cl)N)N
2-Amino-4-chlorophenol,cancer,95-85-2,13-Sep-19,C1=CC(=C(C=C1Cl)N)O
Styrene oxide,cancer,96-09-3,1-Oct-88,C1C(O1)C2=CC=CC=C2
"1,2-Dibromo-3-chloropropane",cancer,96-12-8,1-Jul-87,C(C(CBr)Br)Cl
"1,2-Dibromo-3-chloropropane",male,96-12-8,27-Feb-87,C(C(CBr)Br)Cl
"2,3-Dibromo-1-propanol",cancer,96-13-9,1-Oct-94,C(C(CBr)Br)O
"1,2,3-Trichloropropane",cancer,96-18-4,"October 1,1992",C(C(CCl)Cl)Cl
"1,3-Dichloro-2-propanol (1,3-DCP)",cancer,96-23-1,8-Oct-10,C(C(CCl)O)Cl
"3-Monochloropropane-1,2- diol (3-",cancer,96-24-2,8-Oct-10,C(C(CCl)O)O
Methyl acrylate,cancer,96-33-3,17-Dec-21,COC(=O)C=C
Ethylene thiourea,cancer,96-45-7,1-Jan-88,C1CNC(=S)N1
Ethylene thiourea,developmental,96-45-7,1-Jan-93,C1CNC(=S)N1
Urofollitropin,developmental,97048-13-0,1-Apr-90,CCC(C)C1C(=O)NC(C(=O)NC(C(=O)NC(CSSCC(C(=O)NC(C(=O)N1)CC2=CC=C(C=C2)O)N)C(=O)N3CCCC3C(=O)NC(CC(C)C)C(=O)NCC(=O)N)CC(=O)N)C(C)O
Dichlorophene,developmental,97-23-4,27-Apr-99,C1=CC(=C(C=C1Cl)CC2=C(C=CC(=C2)Cl)O)O
Topiramate,developmental,97240-79-4,27-Nov-15,CC1(O[C@@H]2CO[C@@]3([C@H]([C@@H]2O1)OC(O3)(C)C)COS(=O)(=O)N)C
o-Aminoazotoluene,cancer,97-56-3,1-Jul-87,CC1=CC=CC=C1N=NC2=CC(=C(C=C2)N)C
Furfuryl alcohol,cancer,98-00-0,30-Sep-16,C1=COC(=C1)CO
Benzotrichloride,cancer,98-07-7,1-Jul-87,C1=CC=C(C=C1)C(Cl)(Cl)Cl
Chloramphenicol sodium succinate,cancer,982-57-0,27-Sep-13,C1=CC(=CC=C1[C@H]([C@@H](COC(=O)CCC(=O)[O-])NC(=O)C(Cl)Cl)O)[N+](=O)[O-].[Na+]
"p-chloro-α,α,α-trifluorotoluene",cancer,98-56-6,28-Jun-19,C1=CC(=CC=C1C(F)(F)F)Cl
Cumene,cancer,98-82-8,6-Apr-10,CC(C)C1=CC=CC=C1
α-Methyl styrene (alpha-,cancer,98-83-9,2-Nov-12,CC(=C)C1=CC=CC=C1
"α-Methyl styrene, Delisted April 4,",female,98-83-9,29-Jul-11,CC(=C)C1=CC=CC=C1
Nitrobenzene,cancer,98-95-3,26-Aug-97,C1=CC=C(C=C1)[N+](=O)[O-]
Nitrobenzene,male,98-95-3,30-Mar-10,C1=CC=C(C=C1)[N+](=O)[O-]
"tert-Amyl methyl ether, Delisted",developmental,994-05-8,18-Dec-09,CCC(C)(C)OC
"5-Nitro-o-anisidine, Delisted",cancer,99-59-2,1-Oct-89,COC1=C(C=C(C=C1)[N+](=O)[O-])N
m-Dinitrobenzene,male,99-65-0,1-Jul-90,C1=CC(=CC(=C1)[N+](=O)[O-])[N+](=O)[O-]
Valproate (Valproic acid),developmental,99-66-1,1-Jul-87,CCCC(CCC)C(=O)O
"N,N-Dimethyl-p-toluidine",cancer,99-97-8,2-May-14,CC1=CC=C(C=C1)N(C)C
